Workbook

Sheet Fases e Atividades
B1: [*] Campos de Preenchimento Obrigatório [+] Campos de Preenchimento Opcional [=] Campos com Fórmula | L1: [*] Campos de Preenchimento Obrigatório [+] Campos de Preenchimento Opcional [=] Campos com Fórmula
B3: FASES E ATIVIDADES
B5: Fases, Esforço e Previsão de Início e Término | L5: Atividades, Esforço e Previsão de Início e Término
B6: ( i ) As fases do projeto são as partes de maior hierarquia e as mais distantes do operacional. Abaixo delas há atividades e, mais abaixo, tarefas. Cadastre as fases do projeto. | L6: ( i ) Atividades pertencem a fases e permitem dividi-las em partes menores. Dessa forma elas estão mais próximas do operacional. Cadastre as atividades de cada fase.
B7: TOTAL: | C7: =COUNTA(TB_FASES[Fase '[*']]) & " DE 50" -> 4 DE 50 | D7: TOTAL COM ATRASO: | F7: =_xlfn.LET(_xlpm.total,COUNTA(TB_FASES[Fase '[*']]),_xlpm.totalAtraso,COUNTIF(TB_FASES[Status '[=']],"*ATRASO*"),_xlpm.totalAtraso & IF(_xlpm.total>0," (" & TEXT(_xlpm.totalAtraso/_xlpm.total,"0,0%")&")","")) -> 4 (100,0%) | L7: TOTAL: | M7: =COUNTA(TB_ATIVIDADES[Atividade '[*']]) & " DE 250" -> 20 DE 250 | N7: TOTAL COM ATRASO: | Q7: =_xlfn.LET(_xlpm.total,COUNTA(TB_ATIVIDADES[Atividade '[*']]),_xlpm.totalAtraso,COUNTIF(TB_ATIVIDADES[Status '[=']],"*ATRASO*"),_xlpm.totalAtraso & IF(_xlpm.total>0," (" & TEXT(_xlpm.totalAtraso/_xlpm.total,"0,0%")&")","")) -> 17 (85,0%)
B8: Fase [*] | C8: Total Atividades [=] | D8: Total Tarefas [=] | E8: Total Ativ. Não Concluídas [=] | F8: Esforço Total (min) [=] | G8: Esforço Restante (min) [=] | H8: Previsão Início [=] | I8: Previsão Conclusão [=] | J8: Status [=] | L8: Atividade [*] | M8: Fase [*] | N8: Total Tarefas [=] | O8: Total Tar. Não Concluídas [=] | P8: Esforço Total (min) [=] | Q8: Esforço Restante (min) [=] | R8: Previsão Início [=] | S8: Previsão Conclusão [=] | T8: Status [=]
B9: F1-DESENV | C9: =IF(TB_FASES[[#This Row],[Fase '[*']]]="","-",COUNTIF(TB_ATIVIDADES[Fase '[*']],TB_FASES[[#This Row],[Fase '[*']]])) -> 15 | D9: =IF(TB_FASES[[#This Row],[Fase '[*']]]="","-",SUMIF(TB_ATIVIDADES[Fase '[*']],TB_FASES[[#This Row],[Fase '[*']]],TB_ATIVIDADES[Total Tarefas '[=']])) -> 80 | E9: =IF(TB_FASES[[#This Row],[Fase '[*']]]="","-",_xlfn.LET(_xlpm.tot,COUNTIFS(TB_ATIVIDADES[Fase '[*']],TB_FASES[[#This Row],[Fase '[*']]],TB_ATIVIDADES[Status '[=']],"<>" & "CONCLUÍDA"),_xlpm.tot & IF(TB_FASES[[#This Row],[Total Atividades '[=']]]=0,""," (" & TEXT(_xlpm.tot/TB_FASES[[#This Row],[Total Atividades '[=']]],"0,0%") & ")"))) -> 12 (80,0%) | F9: =IF(TB_FASES[[#This Row],[Fase '[*']]]="","-",SUMIF(TB_ATIVIDADES[Fase '[*']],TB_FASES[[#This Row],[Fase '[*']]],TB_ATIVIDADES[Esforço Total (min) '[=']])) -> 1970 | G9: =IF(TB_FASES[[#This Row],[Fase '[*']]]="","-",_xlfn.LET(_xlpm.esforcoRealizado,SUMIFS(TB_TAREFAS[Previsão Esforço (min) '[*']],TB_TAREFAS[Fase '[=']],TB_FASES[[#This Row],[Fase '[*']]],TB_TAREFAS[Situação da Execução '[*']],"CONCLUÍDA"),(TB_FASES[[#This Row],[Esforço Total (min) '[=']]]-_xlpm.esforcoRealizado) & IF(TB_FASES[[#This Row],[Esforço Total (min) '[=']]]>0," ("&TEXT((TB_FASES[[#This Row],[Esforço Total (min) '[=']]]-_xlpm.esforcoRealizado)/TB_FASES[[#This Row],[Esforço Total (min) '[=']]],"0,0%")&")",""))) -> 1710 (86,8%) | H9: =IF(TB_FASES[[#This Row],[Fase '[*']]]="","-",_xlfn.LET(_xlpm.dataMin,_xlfn.MINIFS(TB_ATIVIDADES[Previsão Início '[=']],TB_ATIVIDADES[Fase '[*']],TB_FASES[[#This Row],[Fase '[*']]]),IF(_xlpm.dataMin=DATE(1900,1,0),"Indefinida",_xlpm.dataMin))) -> 46083 | I9: =IF(TB_FASES[[#This Row],[Fase '[*']]]="","-",_xlfn.LET(_xlpm.dataMax,_xlfn.MAXIFS(TB_ATIVIDADES[Previsão Conclusão '[=']],TB_ATIVIDADES[Fase '[*']],TB_FASES[[#This Row],[Fase '[*']]]),IF(_xlpm.dataMax=DATE(1900,1,0),"Indefinida",_xlpm.dataMax))) -> 46103 | J9: =IF(TB_FASES[[#This Row],[Fase '[*']]]="","-",IF(TB_FASES[[#This Row],[Total Atividades '[=']]]=0,"-",_xlfn.LET(_xlpm.totAtivNaoConcluidas,COUNTIFS(TB_ATIVIDADES[Fase '[*']],TB_FASES[[#This Row],[Fase '[*']]],TB_ATIVIDADES[Status '[=']],"<>" & "CONCLUÍDA"),_xlpm.totAtivConcluidas,TB_FASES[[#This Row],[Total Atividades '[=']]]-_xlpm.totAtivNaoConcluidas,_xlpm.totAtivNaoIniciadas,COUNTIFS(TB_ATIVIDADES[Fase '[*']],TB_FASES[[#This Row],[Fase '[*']]],TB_ATIVIDADES[Status '[=']],"NÃO INICIADA")+COUNTIFS(TB_ATIVIDADES[Fase '[*']],TB_FASES[[#This Row],[Fase '[*']]],TB_ATIVIDADES[Status '[=']],"INÍCIO COM ATRASO"),IF(_xlpm.totAtivConcluidas=TB_FASES[[#This Row],[Total Atividades '[=']]],"CONCLUÍDA",IF(_xlpm.totAtivNaoIniciadas=TB_FASES[[#This Row],[Total Atividades '[=']]],IF(AND(DATE(YEAR(NOW()),MONTH(NOW()),DAY(NOW())) > IFERROR(DATE(YEAR(TB_FASES[[#This Row],[Previsão Início '[=']]]),MONTH(TB_FASES[[#This Row],[Previsão Início '[=']]]),DAY(TB_FASES[[#This Row],[Previsão Início '[=']]])),FALSE)),"INICIO COM ATRASO","NÃO INICIADA"),IF(AND(DATE(YEAR(NOW()),MONTH(NOW()),DAY(NOW())) > IFERROR(DATE(YEAR(TB_FASES[[#This Row],[Previsão Conclusão '[=']]]),MONTH(TB_FASES[[#This Row],[Previsão Conclusão '[=']]]),DAY(TB_FASES[[#This Row],[Previsão Conclusão '[=']]])),FALSE)),"CONCLUSÃO COM ATRASO","EM ANDAMENTO")))))) -> CONCLUSÃO COM ATRASO | L9: Desenv. Pg. Home | M9: F1-DESENV | N9: =IF(OR(TB_ATIVIDADES[[#This Row],[Atividade '[*']]]="",TB_ATIVIDADES[[#This Row],[Fase '[*']]]=""),"-",COUNTIF(TB_TAREFAS[Atividade '[*']],TB_ATIVIDADES[[#This Row],[Atividade '[*']]])) -> 5 | O9: =IF(OR(TB_ATIVIDADES[[#This Row],[Atividade '[*']]]="",TB_ATIVIDADES[[#This Row],[Fase '[*']]]=""),"-",_xlfn.LET(_xlpm.tot,COUNTIFS(TB_TAREFAS[Atividade '[*']],TB_ATIVIDADES[[#This Row],[Atividade '[*']]],TB_TAREFAS[Situação da Execução '[*']],"<>" & "CONCLUÍDA",TB_TAREFAS[Situação da Execução '[*']],"<>"&"DESNECESSÁRIA"),_xlpm.tot & IF(TB_ATIVIDADES[[#This Row],[Total Tarefas '[=']]]=0,""," (" & TEXT(_xlpm.tot/TB_ATIVIDADES[[#This Row],[Total Tarefas '[=']]],"0,0%") & ")"))) -> 0 (0,0%) | P9: =IF(OR(TB_ATIVIDADES[[#This Row],[Atividade '[*']]]="",TB_ATIVIDADES[[#This Row],[Fase '[*']]]=""),"-",SUMIF(TB_TAREFAS[Atividade '[*']],TB_ATIVIDADES[[#This Row],[Atividade '[*']]],TB_TAREFAS[Previsão Esforço (min) '[*']])) -> 95 | Q9: =IF(OR(TB_ATIVIDADES[[#This Row],[Atividade '[*']]]="",TB_ATIVIDADES[[#This Row],[Fase '[*']]]=""),"-",_xlfn.LET(_xlpm.esforçoRealizado,SUMIFS(TB_TAREFAS[Previsão Esforço (min) '[*']],TB_TAREFAS[Atividade '[*']],TB_ATIVIDADES[[#This Row],[Atividade '[*']]],TB_TAREFAS[Situação da Execução '[*']],"CONCLUÍDA")+SUMIFS(TB_TAREFAS[Previsão Esforço (min) '[*']],TB_TAREFAS[Atividade '[*']],TB_ATIVIDADES[[#This Row],[Atividade '[*']]],TB_TAREFAS[Situação da Execução '[*']],"DESNECESSÁRIA"),TB_ATIVIDADES[[#This Row],[Esforço Total (min) '[=']]]-_xlpm.esforçoRealizado & IF(TB_ATIVIDADES[[#This Row],[Esforço Total (min) '[=']]]=0,""," (" & TEXT((TB_ATIVIDADES[[#This Row],[Esforço Total (min) '[=']]]-_xlpm.esforçoRealizado) / TB_ATIVIDADES[[#This Row],[Esforço Total (min) '[=']]],"0,0%") & ")"))) -> 0 (0,0%) | R9: =IF(OR(TB_ATIVIDADES[[#This Row],[Atividade '[*']]]="",TB_ATIVIDADES[[#This Row],[Fase '[*']]]=""),"-",_xlfn.LET(_xlpm.dataMin,_xlfn.MINIFS(TB_TAREFAS[Previsão Início '[*']],TB_TAREFAS[Atividade '[*']],TB_ATIVIDADES[[#This Row],[Atividade '[*']]]),IF(_xlpm.dataMin=0,"-",_xlpm.dataMin))) -> 46083 | S9: =IF(OR(TB_ATIVIDADES[[#This Row],[Atividade '[*']]]="",TB_ATIVIDADES[[#This Row],[Fase '[*']]]=""),"-",_xlfn.LET(_xlpm.dataMax,_xlfn.MAXIFS(TB_TAREFAS[Previsão Conclusão '[*']],TB_TAREFAS[Atividade '[*']],TB_ATIVIDADES[[#This Row],[Atividade '[*']]]),IF(_xlpm.dataMax=0,"-",_xlpm.dataMax))) -> 46083 | T9: =IF(OR(TB_ATIVIDADES[[#This Row],[Atividade '[*']]]="",TB_ATIVIDADES[[#This Row],[Fase '[*']]]=""),"-",IF(TB_ATIVIDADES[[#This Row],[Total Tarefas '[=']]]=0,"-",_xlfn.LET(_xlpm.totItensNaoConcluidos,COUNTIFS(TB_TAREFAS[Atividade '[*']],TB_ATIVIDADES[[#This Row],[Atividade '[*']]],TB_TAREFAS[Situação da Execução '[*']],"<>" & "CONCLUÍDA",TB_TAREFAS[Situação da Execução '[*']],"<>" & "DESNECESSÁRIA"),_xlpm.totItensConcluidos,TB_ATIVIDADES[[#This Row],[Total Tarefas '[=']]]-_xlpm.totItensNaoConcluidos,_xlpm.totItensNaoIniciados,COUNTIFS(TB_TAREFAS[Atividade '[*']],TB_ATIVIDADES[[#This Row],[Atividade '[*']]],TB_TAREFAS[Situação da Execução '[*']],"NÃO INICIADA"),IF(_xlpm.totItensConcluidos=TB_ATIVIDADES[[#This Row],[Total Tarefas '[=']]],"CONCLUÍDA",IF(_xlpm.totItensNaoIniciados=TB_ATIVIDADES[[#This Row],[Total Tarefas '[=']]],IF(AND(DATE(YEAR(NOW()),MONTH(NOW()),DAY(NOW())) > IFERROR(DATE(YEAR(TB_ATIVIDADES[[#This Row],[Previsão Início '[=']]]),MONTH(TB_ATIVIDADES[[#This Row],[Previsão Início '[=']]]),DAY(TB_ATIVIDADES[[#This Row],[Previsão Início '[=']]])),FALSE)),"INÍCIO COM ATRASO","NÃO INICIADA"),IF(AND(DATE(YEAR(NOW()),MONTH(NOW()),DAY(NOW())) > IFERROR(DATE(YEAR(TB_ATIVIDADES[[#This Row],[Previsão Conclusão '[=']]]),MONTH(TB_ATIVIDADES[[#This Row],[Previsão Conclusão '[=']]]),DAY(TB_ATIVIDADES[[#This Row],[Previsão Conclusão '[=']]])),FALSE)),"CONCLUSÃO COM ATRASO","EM ANDAMENTO")))))) -> CONCLUÍDA
B10: F2-TESTE | C10: =IF(TB_FASES[[#This Row],[Fase '[*']]]="","-",COUNTIF(TB_ATIVIDADES[Fase '[*']],TB_FASES[[#This Row],[Fase '[*']]])) -> 1 | D10: =IF(TB_FASES[[#This Row],[Fase '[*']]]="","-",SUMIF(TB_ATIVIDADES[Fase '[*']],TB_FASES[[#This Row],[Fase '[*']]],TB_ATIVIDADES[Total Tarefas '[=']])) -> 4 | E10: =IF(TB_FASES[[#This Row],[Fase '[*']]]="","-",_xlfn.LET(_xlpm.tot,COUNTIFS(TB_ATIVIDADES[Fase '[*']],TB_FASES[[#This Row],[Fase '[*']]],TB_ATIVIDADES[Status '[=']],"<>" & "CONCLUÍDA"),_xlpm.tot & IF(TB_FASES[[#This Row],[Total Atividades '[=']]]=0,""," (" & TEXT(_xlpm.tot/TB_FASES[[#This Row],[Total Atividades '[=']]],"0,0%") & ")"))) -> 1 (100,0%) | F10: =IF(TB_FASES[[#This Row],[Fase '[*']]]="","-",SUMIF(TB_ATIVIDADES[Fase '[*']],TB_FASES[[#This Row],[Fase '[*']]],TB_ATIVIDADES[Esforço Total (min) '[=']])) -> 420 | G10: =IF(TB_FASES[[#This Row],[Fase '[*']]]="","-",_xlfn.LET(_xlpm.esforcoRealizado,SUMIFS(TB_TAREFAS[Previsão Esforço (min) '[*']],TB_TAREFAS[Fase '[=']],TB_FASES[[#This Row],[Fase '[*']]],TB_TAREFAS[Situação da Execução '[*']],"CONCLUÍDA"),(TB_FASES[[#This Row],[Esforço Total (min) '[=']]]-_xlpm.esforcoRealizado) & IF(TB_FASES[[#This Row],[Esforço Total (min) '[=']]]>0," ("&TEXT((TB_FASES[[#This Row],[Esforço Total (min) '[=']]]-_xlpm.esforcoRealizado)/TB_FASES[[#This Row],[Esforço Total (min) '[=']]],"0,0%")&")",""))) -> 420 (100,0%) | H10: =IF(TB_FASES[[#This Row],[Fase '[*']]]="","-",_xlfn.LET(_xlpm.dataMin,_xlfn.MINIFS(TB_ATIVIDADES[Previsão Início '[=']],TB_ATIVIDADES[Fase '[*']],TB_FASES[[#This Row],[Fase '[*']]]),IF(_xlpm.dataMin=DATE(1900,1,0),"Indefinida",_xlpm.dataMin))) -> 46092 | I10: =IF(TB_FASES[[#This Row],[Fase '[*']]]="","-",_xlfn.LET(_xlpm.dataMax,_xlfn.MAXIFS(TB_ATIVIDADES[Previsão Conclusão '[=']],TB_ATIVIDADES[Fase '[*']],TB_FASES[[#This Row],[Fase '[*']]]),IF(_xlpm.dataMax=DATE(1900,1,0),"Indefinida",_xlpm.dataMax))) -> 46093 | J10: =IF(TB_FASES[[#This Row],[Fase '[*']]]="","-",IF(TB_FASES[[#This Row],[Total Atividades '[=']]]=0,"-",_xlfn.LET(_xlpm.totAtivNaoConcluidas,COUNTIFS(TB_ATIVIDADES[Fase '[*']],TB_FASES[[#This Row],[Fase '[*']]],TB_ATIVIDADES[Status '[=']],"<>" & "CONCLUÍDA"),_xlpm.totAtivConcluidas,TB_FASES[[#This Row],[Total Atividades '[=']]]-_xlpm.totAtivNaoConcluidas,_xlpm.totAtivNaoIniciadas,COUNTIFS(TB_ATIVIDADES[Fase '[*']],TB_FASES[[#This Row],[Fase '[*']]],TB_ATIVIDADES[Status '[=']],"NÃO INICIADA")+COUNTIFS(TB_ATIVIDADES[Fase '[*']],TB_FASES[[#This Row],[Fase '[*']]],TB_ATIVIDADES[Status '[=']],"INÍCIO COM ATRASO"),IF(_xlpm.totAtivConcluidas=TB_FASES[[#This Row],[Total Atividades '[=']]],"CONCLUÍDA",IF(_xlpm.totAtivNaoIniciadas=TB_FASES[[#This Row],[Total Atividades '[=']]],IF(AND(DATE(YEAR(NOW()),MONTH(NOW()),DAY(NOW())) > IFERROR(DATE(YEAR(TB_FASES[[#This Row],[Previsão Início '[=']]]),MONTH(TB_FASES[[#This Row],[Previsão Início '[=']]]),DAY(TB_FASES[[#This Row],[Previsão Início '[=']]])),FALSE)),"INICIO COM ATRASO","NÃO INICIADA"),IF(AND(DATE(YEAR(NOW()),MONTH(NOW()),DAY(NOW())) > IFERROR(DATE(YEAR(TB_FASES[[#This Row],[Previsão Conclusão '[=']]]),MONTH(TB_FASES[[#This Row],[Previsão Conclusão '[=']]]),DAY(TB_FASES[[#This Row],[Previsão Conclusão '[=']]])),FALSE)),"CONCLUSÃO COM ATRASO","EM ANDAMENTO")))))) -> INICIO COM ATRASO | L10: Desenv. Pg. Cadastro | M10: F1-DESENV | N10: =IF(OR(TB_ATIVIDADES[[#This Row],[Atividade '[*']]]="",TB_ATIVIDADES[[#This Row],[Fase '[*']]]=""),"-",COUNTIF(TB_TAREFAS[Atividade '[*']],TB_ATIVIDADES[[#This Row],[Atividade '[*']]])) -> 7 | O10: =IF(OR(TB_ATIVIDADES[[#This Row],[Atividade '[*']]]="",TB_ATIVIDADES[[#This Row],[Fase '[*']]]=""),"-",_xlfn.LET(_xlpm.tot,COUNTIFS(TB_TAREFAS[Atividade '[*']],TB_ATIVIDADES[[#This Row],[Atividade '[*']]],TB_TAREFAS[Situação da Execução '[*']],"<>" & "CONCLUÍDA",TB_TAREFAS[Situação da Execução '[*']],"<>"&"DESNECESSÁRIA"),_xlpm.tot & IF(TB_ATIVIDADES[[#This Row],[Total Tarefas '[=']]]=0,""," (" & TEXT(_xlpm.tot/TB_ATIVIDADES[[#This Row],[Total Tarefas '[=']]],"0,0%") & ")"))) -> 0 (0,0%) | P10: =IF(OR(TB_ATIVIDADES[[#This Row],[Atividade '[*']]]="",TB_ATIVIDADES[[#This Row],[Fase '[*']]]=""),"-",SUMIF(TB_TAREFAS[Atividade '[*']],TB_ATIVIDADES[[#This Row],[Atividade '[*']]],TB_TAREFAS[Previsão Esforço (min) '[*']])) -> 125 | Q10: =IF(OR(TB_ATIVIDADES[[#This Row],[Atividade '[*']]]="",TB_ATIVIDADES[[#This Row],[Fase '[*']]]=""),"-",_xlfn.LET(_xlpm.esforçoRealizado,SUMIFS(TB_TAREFAS[Previsão Esforço (min) '[*']],TB_TAREFAS[Atividade '[*']],TB_ATIVIDADES[[#This Row],[Atividade '[*']]],TB_TAREFAS[Situação da Execução '[*']],"CONCLUÍDA")+SUMIFS(TB_TAREFAS[Previsão Esforço (min) '[*']],TB_TAREFAS[Atividade '[*']],TB_ATIVIDADES[[#This Row],[Atividade '[*']]],TB_TAREFAS[Situação da Execução '[*']],"DESNECESSÁRIA"),TB_ATIVIDADES[[#This Row],[Esforço Total (min) '[=']]]-_xlpm.esforçoRealizado & IF(TB_ATIVIDADES[[#This Row],[Esforço Total (min) '[=']]]=0,""," (" & TEXT((TB_ATIVIDADES[[#This Row],[Esforço Total (min) '[=']]]-_xlpm.esforçoRealizado) / TB_ATIVIDADES[[#This Row],[Esforço Total (min) '[=']]],"0,0%") & ")"))) -> 0 (0,0%) | R10: =IF(OR(TB_ATIVIDADES[[#This Row],[Atividade '[*']]]="",TB_ATIVIDADES[[#This Row],[Fase '[*']]]=""),"-",_xlfn.LET(_xlpm.dataMin,_xlfn.MINIFS(TB_TAREFAS[Previsão Início '[*']],TB_TAREFAS[Atividade '[*']],TB_ATIVIDADES[[#This Row],[Atividade '[*']]]),IF(_xlpm.dataMin=0,"-",_xlpm.dataMin))) -> 46083 | S10: =IF(OR(TB_ATIVIDADES[[#This Row],[Atividade '[*']]]="",TB_ATIVIDADES[[#This Row],[Fase '[*']]]=""),"-",_xlfn.LET(_xlpm.dataMax,_xlfn.MAXIFS(TB_TAREFAS[Previsão Conclusão '[*']],TB_TAREFAS[Atividade '[*']],TB_ATIVIDADES[[#This Row],[Atividade '[*']]]),IF(_xlpm.dataMax=0,"-",_xlpm.dataMax))) -> 46083 | T10: =IF(OR(TB_ATIVIDADES[[#This Row],[Atividade '[*']]]="",TB_ATIVIDADES[[#This Row],[Fase '[*']]]=""),"-",IF(TB_ATIVIDADES[[#This Row],[Total Tarefas '[=']]]=0,"-",_xlfn.LET(_xlpm.totItensNaoConcluidos,COUNTIFS(TB_TAREFAS[Atividade '[*']],TB_ATIVIDADES[[#This Row],[Atividade '[*']]],TB_TAREFAS[Situação da Execução '[*']],"<>" & "CONCLUÍDA",TB_TAREFAS[Situação da Execução '[*']],"<>" & "DESNECESSÁRIA"),_xlpm.totItensConcluidos,TB_ATIVIDADES[[#This Row],[Total Tarefas '[=']]]-_xlpm.totItensNaoConcluidos,_xlpm.totItensNaoIniciados,COUNTIFS(TB_TAREFAS[Atividade '[*']],TB_ATIVIDADES[[#This Row],[Atividade '[*']]],TB_TAREFAS[Situação da Execução '[*']],"NÃO INICIADA"),IF(_xlpm.totItensConcluidos=TB_ATIVIDADES[[#This Row],[Total Tarefas '[=']]],"CONCLUÍDA",IF(_xlpm.totItensNaoIniciados=TB_ATIVIDADES[[#This Row],[Total Tarefas '[=']]],IF(AND(DATE(YEAR(NOW()),MONTH(NOW()),DAY(NOW())) > IFERROR(DATE(YEAR(TB_ATIVIDADES[[#This Row],[Previsão Início '[=']]]),MONTH(TB_ATIVIDADES[[#This Row],[Previsão Início '[=']]]),DAY(TB_ATIVIDADES[[#This Row],[Previsão Início '[=']]])),FALSE)),"INÍCIO COM ATRASO","NÃO INICIADA"),IF(AND(DATE(YEAR(NOW()),MONTH(NOW()),DAY(NOW())) > IFERROR(DATE(YEAR(TB_ATIVIDADES[[#This Row],[Previsão Conclusão '[=']]]),MONTH(TB_ATIVIDADES[[#This Row],[Previsão Conclusão '[=']]]),DAY(TB_ATIVIDADES[[#This Row],[Previsão Conclusão '[=']]])),FALSE)),"CONCLUSÃO COM ATRASO","EM ANDAMENTO")))))) -> CONCLUÍDA
B11: F3-LIBERAÇÃO | C11: =IF(TB_FASES[[#This Row],[Fase '[*']]]="","-",COUNTIF(TB_ATIVIDADES[Fase '[*']],TB_FASES[[#This Row],[Fase '[*']]])) -> 3 | D11: =IF(TB_FASES[[#This Row],[Fase '[*']]]="","-",SUMIF(TB_ATIVIDADES[Fase '[*']],TB_FASES[[#This Row],[Fase '[*']]],TB_ATIVIDADES[Total Tarefas '[=']])) -> 9 | E11: =IF(TB_FASES[[#This Row],[Fase '[*']]]="","-",_xlfn.LET(_xlpm.tot,COUNTIFS(TB_ATIVIDADES[Fase '[*']],TB_FASES[[#This Row],[Fase '[*']]],TB_ATIVIDADES[Status '[=']],"<>" & "CONCLUÍDA"),_xlpm.tot & IF(TB_FASES[[#This Row],[Total Atividades '[=']]]=0,""," (" & TEXT(_xlpm.tot/TB_FASES[[#This Row],[Total Atividades '[=']]],"0,0%") & ")"))) -> 3 (100,0%) | F11: =IF(TB_FASES[[#This Row],[Fase '[*']]]="","-",SUMIF(TB_ATIVIDADES[Fase '[*']],TB_FASES[[#This Row],[Fase '[*']]],TB_ATIVIDADES[Esforço Total (min) '[=']])) -> 790 | G11: =IF(TB_FASES[[#This Row],[Fase '[*']]]="","-",_xlfn.LET(_xlpm.esforcoRealizado,SUMIFS(TB_TAREFAS[Previsão Esforço (min) '[*']],TB_TAREFAS[Fase '[=']],TB_FASES[[#This Row],[Fase '[*']]],TB_TAREFAS[Situação da Execução '[*']],"CONCLUÍDA"),(TB_FASES[[#This Row],[Esforço Total (min) '[=']]]-_xlpm.esforcoRealizado) & IF(TB_FASES[[#This Row],[Esforço Total (min) '[=']]]>0," ("&TEXT((TB_FASES[[#This Row],[Esforço Total (min) '[=']]]-_xlpm.esforcoRealizado)/TB_FASES[[#This Row],[Esforço Total (min) '[=']]],"0,0%")&")",""))) -> 790 (100,0%) | H11: =IF(TB_FASES[[#This Row],[Fase '[*']]]="","-",_xlfn.LET(_xlpm.dataMin,_xlfn.MINIFS(TB_ATIVIDADES[Previsão Início '[=']],TB_ATIVIDADES[Fase '[*']],TB_FASES[[#This Row],[Fase '[*']]]),IF(_xlpm.dataMin=DATE(1900,1,0),"Indefinida",_xlpm.dataMin))) -> 46093 | I11: =IF(TB_FASES[[#This Row],[Fase '[*']]]="","-",_xlfn.LET(_xlpm.dataMax,_xlfn.MAXIFS(TB_ATIVIDADES[Previsão Conclusão '[=']],TB_ATIVIDADES[Fase '[*']],TB_FASES[[#This Row],[Fase '[*']]]),IF(_xlpm.dataMax=DATE(1900,1,0),"Indefinida",_xlpm.dataMax))) -> 46097 | J11: =IF(TB_FASES[[#This Row],[Fase '[*']]]="","-",IF(TB_FASES[[#This Row],[Total Atividades '[=']]]=0,"-",_xlfn.LET(_xlpm.totAtivNaoConcluidas,COUNTIFS(TB_ATIVIDADES[Fase '[*']],TB_FASES[[#This Row],[Fase '[*']]],TB_ATIVIDADES[Status '[=']],"<>" & "CONCLUÍDA"),_xlpm.totAtivConcluidas,TB_FASES[[#This Row],[Total Atividades '[=']]]-_xlpm.totAtivNaoConcluidas,_xlpm.totAtivNaoIniciadas,COUNTIFS(TB_ATIVIDADES[Fase '[*']],TB_FASES[[#This Row],[Fase '[*']]],TB_ATIVIDADES[Status '[=']],"NÃO INICIADA")+COUNTIFS(TB_ATIVIDADES[Fase '[*']],TB_FASES[[#This Row],[Fase '[*']]],TB_ATIVIDADES[Status '[=']],"INÍCIO COM ATRASO"),IF(_xlpm.totAtivConcluidas=TB_FASES[[#This Row],[Total Atividades '[=']]],"CONCLUÍDA",IF(_xlpm.totAtivNaoIniciadas=TB_FASES[[#This Row],[Total Atividades '[=']]],IF(AND(DATE(YEAR(NOW()),MONTH(NOW()),DAY(NOW())) > IFERROR(DATE(YEAR(TB_FASES[[#This Row],[Previsão Início '[=']]]),MONTH(TB_FASES[[#This Row],[Previsão Início '[=']]]),DAY(TB_FASES[[#This Row],[Previsão Início '[=']]])),FALSE)),"INICIO COM ATRASO","NÃO INICIADA"),IF(AND(DATE(YEAR(NOW()),MONTH(NOW()),DAY(NOW())) > IFERROR(DATE(YEAR(TB_FASES[[#This Row],[Previsão Conclusão '[=']]]),MONTH(TB_FASES[[#This Row],[Previsão Conclusão '[=']]]),DAY(TB_FASES[[#This Row],[Previsão Conclusão '[=']]])),FALSE)),"CONCLUSÃO COM ATRASO","EM ANDAMENTO")))))) -> INICIO COM ATRASO | L11: Desenv. Pg. Login | M11: F1-DESENV | N11: =IF(OR(TB_ATIVIDADES[[#This Row],[Atividade '[*']]]="",TB_ATIVIDADES[[#This Row],[Fase '[*']]]=""),"-",COUNTIF(TB_TAREFAS[Atividade '[*']],TB_ATIVIDADES[[#This Row],[Atividade '[*']]])) -> 4 | O11: =IF(OR(TB_ATIVIDADES[[#This Row],[Atividade '[*']]]="",TB_ATIVIDADES[[#This Row],[Fase '[*']]]=""),"-",_xlfn.LET(_xlpm.tot,COUNTIFS(TB_TAREFAS[Atividade '[*']],TB_ATIVIDADES[[#This Row],[Atividade '[*']]],TB_TAREFAS[Situação da Execução '[*']],"<>" & "CONCLUÍDA",TB_TAREFAS[Situação da Execução '[*']],"<>"&"DESNECESSÁRIA"),_xlpm.tot & IF(TB_ATIVIDADES[[#This Row],[Total Tarefas '[=']]]=0,""," (" & TEXT(_xlpm.tot/TB_ATIVIDADES[[#This Row],[Total Tarefas '[=']]],"0,0%") & ")"))) -> 0 (0,0%) | P11: =IF(OR(TB_ATIVIDADES[[#This Row],[Atividade '[*']]]="",TB_ATIVIDADES[[#This Row],[Fase '[*']]]=""),"-",SUMIF(TB_TAREFAS[Atividade '[*']],TB_ATIVIDADES[[#This Row],[Atividade '[*']]],TB_TAREFAS[Previsão Esforço (min) '[*']])) -> 65 | Q11: =IF(OR(TB_ATIVIDADES[[#This Row],[Atividade '[*']]]="",TB_ATIVIDADES[[#This Row],[Fase '[*']]]=""),"-",_xlfn.LET(_xlpm.esforçoRealizado,SUMIFS(TB_TAREFAS[Previsão Esforço (min) '[*']],TB_TAREFAS[Atividade '[*']],TB_ATIVIDADES[[#This Row],[Atividade '[*']]],TB_TAREFAS[Situação da Execução '[*']],"CONCLUÍDA")+SUMIFS(TB_TAREFAS[Previsão Esforço (min) '[*']],TB_TAREFAS[Atividade '[*']],TB_ATIVIDADES[[#This Row],[Atividade '[*']]],TB_TAREFAS[Situação da Execução '[*']],"DESNECESSÁRIA"),TB_ATIVIDADES[[#This Row],[Esforço Total (min) '[=']]]-_xlpm.esforçoRealizado & IF(TB_ATIVIDADES[[#This Row],[Esforço Total (min) '[=']]]=0,""," (" & TEXT((TB_ATIVIDADES[[#This Row],[Esforço Total (min) '[=']]]-_xlpm.esforçoRealizado) / TB_ATIVIDADES[[#This Row],[Esforço Total (min) '[=']]],"0,0%") & ")"))) -> 0 (0,0%) | R11: =IF(OR(TB_ATIVIDADES[[#This Row],[Atividade '[*']]]="",TB_ATIVIDADES[[#This Row],[Fase '[*']]]=""),"-",_xlfn.LET(_xlpm.dataMin,_xlfn.MINIFS(TB_TAREFAS[Previsão Início '[*']],TB_TAREFAS[Atividade '[*']],TB_ATIVIDADES[[#This Row],[Atividade '[*']]]),IF(_xlpm.dataMin=0,"-",_xlpm.dataMin))) -> 46083 | S11: =IF(OR(TB_ATIVIDADES[[#This Row],[Atividade '[*']]]="",TB_ATIVIDADES[[#This Row],[Fase '[*']]]=""),"-",_xlfn.LET(_xlpm.dataMax,_xlfn.MAXIFS(TB_TAREFAS[Previsão Conclusão '[*']],TB_TAREFAS[Atividade '[*']],TB_ATIVIDADES[[#This Row],[Atividade '[*']]]),IF(_xlpm.dataMax=0,"-",_xlpm.dataMax))) -> 46083 | T11: =IF(OR(TB_ATIVIDADES[[#This Row],[Atividade '[*']]]="",TB_ATIVIDADES[[#This Row],[Fase '[*']]]=""),"-",IF(TB_ATIVIDADES[[#This Row],[Total Tarefas '[=']]]=0,"-",_xlfn.LET(_xlpm.totItensNaoConcluidos,COUNTIFS(TB_TAREFAS[Atividade '[*']],TB_ATIVIDADES[[#This Row],[Atividade '[*']]],TB_TAREFAS[Situação da Execução '[*']],"<>" & "CONCLUÍDA",TB_TAREFAS[Situação da Execução '[*']],"<>" & "DESNECESSÁRIA"),_xlpm.totItensConcluidos,TB_ATIVIDADES[[#This Row],[Total Tarefas '[=']]]-_xlpm.totItensNaoConcluidos,_xlpm.totItensNaoIniciados,COUNTIFS(TB_TAREFAS[Atividade '[*']],TB_ATIVIDADES[[#This Row],[Atividade '[*']]],TB_TAREFAS[Situação da Execução '[*']],"NÃO INICIADA"),IF(_xlpm.totItensConcluidos=TB_ATIVIDADES[[#This Row],[Total Tarefas '[=']]],"CONCLUÍDA",IF(_xlpm.totItensNaoIniciados=TB_ATIVIDADES[[#This Row],[Total Tarefas '[=']]],IF(AND(DATE(YEAR(NOW()),MONTH(NOW()),DAY(NOW())) > IFERROR(DATE(YEAR(TB_ATIVIDADES[[#This Row],[Previsão Início '[=']]]),MONTH(TB_ATIVIDADES[[#This Row],[Previsão Início '[=']]]),DAY(TB_ATIVIDADES[[#This Row],[Previsão Início '[=']]])),FALSE)),"INÍCIO COM ATRASO","NÃO INICIADA"),IF(AND(DATE(YEAR(NOW()),MONTH(NOW()),DAY(NOW())) > IFERROR(DATE(YEAR(TB_ATIVIDADES[[#This Row],[Previsão Conclusão '[=']]]),MONTH(TB_ATIVIDADES[[#This Row],[Previsão Conclusão '[=']]]),DAY(TB_ATIVIDADES[[#This Row],[Previsão Conclusão '[=']]])),FALSE)),"CONCLUSÃO COM ATRASO","EM ANDAMENTO")))))) -> CONCLUÍDA
B12: F4-SUPORTE | C12: =IF(TB_FASES[[#This Row],[Fase '[*']]]="","-",COUNTIF(TB_ATIVIDADES[Fase '[*']],TB_FASES[[#This Row],[Fase '[*']]])) -> 1 | D12: =IF(TB_FASES[[#This Row],[Fase '[*']]]="","-",SUMIF(TB_ATIVIDADES[Fase '[*']],TB_FASES[[#This Row],[Fase '[*']]],TB_ATIVIDADES[Total Tarefas '[=']])) -> 1 | E12: =IF(TB_FASES[[#This Row],[Fase '[*']]]="","-",_xlfn.LET(_xlpm.tot,COUNTIFS(TB_ATIVIDADES[Fase '[*']],TB_FASES[[#This Row],[Fase '[*']]],TB_ATIVIDADES[Status '[=']],"<>" & "CONCLUÍDA"),_xlpm.tot & IF(TB_FASES[[#This Row],[Total Atividades '[=']]]=0,""," (" & TEXT(_xlpm.tot/TB_FASES[[#This Row],[Total Atividades '[=']]],"0,0%") & ")"))) -> 1 (100,0%) | F12: =IF(TB_FASES[[#This Row],[Fase '[*']]]="","-",SUMIF(TB_ATIVIDADES[Fase '[*']],TB_FASES[[#This Row],[Fase '[*']]],TB_ATIVIDADES[Esforço Total (min) '[=']])) -> 1770 | G12: =IF(TB_FASES[[#This Row],[Fase '[*']]]="","-",_xlfn.LET(_xlpm.esforcoRealizado,SUMIFS(TB_TAREFAS[Previsão Esforço (min) '[*']],TB_TAREFAS[Fase '[=']],TB_FASES[[#This Row],[Fase '[*']]],TB_TAREFAS[Situação da Execução '[*']],"CONCLUÍDA"),(TB_FASES[[#This Row],[Esforço Total (min) '[=']]]-_xlpm.esforcoRealizado) & IF(TB_FASES[[#This Row],[Esforço Total (min) '[=']]]>0," ("&TEXT((TB_FASES[[#This Row],[Esforço Total (min) '[=']]]-_xlpm.esforcoRealizado)/TB_FASES[[#This Row],[Esforço Total (min) '[=']]],"0,0%")&")",""))) -> 1770 (100,0%) | H12: =IF(TB_FASES[[#This Row],[Fase '[*']]]="","-",_xlfn.LET(_xlpm.dataMin,_xlfn.MINIFS(TB_ATIVIDADES[Previsão Início '[=']],TB_ATIVIDADES[Fase '[*']],TB_FASES[[#This Row],[Fase '[*']]]),IF(_xlpm.dataMin=DATE(1900,1,0),"Indefinida",_xlpm.dataMin))) -> 46118 | I12: =IF(TB_FASES[[#This Row],[Fase '[*']]]="","-",_xlfn.LET(_xlpm.dataMax,_xlfn.MAXIFS(TB_ATIVIDADES[Previsão Conclusão '[=']],TB_ATIVIDADES[Fase '[*']],TB_FASES[[#This Row],[Fase '[*']]]),IF(_xlpm.dataMax=DATE(1900,1,0),"Indefinida",_xlpm.dataMax))) -> 46177 | J12: =IF(TB_FASES[[#This Row],[Fase '[*']]]="","-",IF(TB_FASES[[#This Row],[Total Atividades '[=']]]=0,"-",_xlfn.LET(_xlpm.totAtivNaoConcluidas,COUNTIFS(TB_ATIVIDADES[Fase '[*']],TB_FASES[[#This Row],[Fase '[*']]],TB_ATIVIDADES[Status '[=']],"<>" & "CONCLUÍDA"),_xlpm.totAtivConcluidas,TB_FASES[[#This Row],[Total Atividades '[=']]]-_xlpm.totAtivNaoConcluidas,_xlpm.totAtivNaoIniciadas,COUNTIFS(TB_ATIVIDADES[Fase '[*']],TB_FASES[[#This Row],[Fase '[*']]],TB_ATIVIDADES[Status '[=']],"NÃO INICIADA")+COUNTIFS(TB_ATIVIDADES[Fase '[*']],TB_FASES[[#This Row],[Fase '[*']]],TB_ATIVIDADES[Status '[=']],"INÍCIO COM ATRASO"),IF(_xlpm.totAtivConcluidas=TB_FASES[[#This Row],[Total Atividades '[=']]],"CONCLUÍDA",IF(_xlpm.totAtivNaoIniciadas=TB_FASES[[#This Row],[Total Atividades '[=']]],IF(AND(DATE(YEAR(NOW()),MONTH(NOW()),DAY(NOW())) > IFERROR(DATE(YEAR(TB_FASES[[#This Row],[Previsão Início '[=']]]),MONTH(TB_FASES[[#This Row],[Previsão Início '[=']]]),DAY(TB_FASES[[#This Row],[Previsão Início '[=']]])),FALSE)),"INICIO COM ATRASO","NÃO INICIADA"),IF(AND(DATE(YEAR(NOW()),MONTH(NOW()),DAY(NOW())) > IFERROR(DATE(YEAR(TB_FASES[[#This Row],[Previsão Conclusão '[=']]]),MONTH(TB_FASES[[#This Row],[Previsão Conclusão '[=']]]),DAY(TB_FASES[[#This Row],[Previsão Conclusão '[=']]])),FALSE)),"CONCLUSÃO COM ATRASO","EM ANDAMENTO")))))) -> INICIO COM ATRASO | L12: Desenv. Pg. Bolões do Usuário | M12: F1-DESENV | N12: =IF(OR(TB_ATIVIDADES[[#This Row],[Atividade '[*']]]="",TB_ATIVIDADES[[#This Row],[Fase '[*']]]=""),"-",COUNTIF(TB_TAREFAS[Atividade '[*']],TB_ATIVIDADES[[#This Row],[Atividade '[*']]])) -> 7 | O12: =IF(OR(TB_ATIVIDADES[[#This Row],[Atividade '[*']]]="",TB_ATIVIDADES[[#This Row],[Fase '[*']]]=""),"-",_xlfn.LET(_xlpm.tot,COUNTIFS(TB_TAREFAS[Atividade '[*']],TB_ATIVIDADES[[#This Row],[Atividade '[*']]],TB_TAREFAS[Situação da Execução '[*']],"<>" & "CONCLUÍDA",TB_TAREFAS[Situação da Execução '[*']],"<>"&"DESNECESSÁRIA"),_xlpm.tot & IF(TB_ATIVIDADES[[#This Row],[Total Tarefas '[=']]]=0,""," (" & TEXT(_xlpm.tot/TB_ATIVIDADES[[#This Row],[Total Tarefas '[=']]],"0,0%") & ")"))) -> 7 (100,0%) | P12: =IF(OR(TB_ATIVIDADES[[#This Row],[Atividade '[*']]]="",TB_ATIVIDADES[[#This Row],[Fase '[*']]]=""),"-",SUMIF(TB_TAREFAS[Atividade '[*']],TB_ATIVIDADES[[#This Row],[Atividade '[*']]],TB_TAREFAS[Previsão Esforço (min) '[*']])) -> 225 | Q12: =IF(OR(TB_ATIVIDADES[[#This Row],[Atividade '[*']]]="",TB_ATIVIDADES[[#This Row],[Fase '[*']]]=""),"-",_xlfn.LET(_xlpm.esforçoRealizado,SUMIFS(TB_TAREFAS[Previsão Esforço (min) '[*']],TB_TAREFAS[Atividade '[*']],TB_ATIVIDADES[[#This Row],[Atividade '[*']]],TB_TAREFAS[Situação da Execução '[*']],"CONCLUÍDA")+SUMIFS(TB_TAREFAS[Previsão Esforço (min) '[*']],TB_TAREFAS[Atividade '[*']],TB_ATIVIDADES[[#This Row],[Atividade '[*']]],TB_TAREFAS[Situação da Execução '[*']],"DESNECESSÁRIA"),TB_ATIVIDADES[[#This Row],[Esforço Total (min) '[=']]]-_xlpm.esforçoRealizado & IF(TB_ATIVIDADES[[#This Row],[Esforço Total (min) '[=']]]=0,""," (" & TEXT((TB_ATIVIDADES[[#This Row],[Esforço Total (min) '[=']]]-_xlpm.esforçoRealizado) / TB_ATIVIDADES[[#This Row],[Esforço Total (min) '[=']]],"0,0%") & ")"))) -> 225 (100,0%) | R12: =IF(OR(TB_ATIVIDADES[[#This Row],[Atividade '[*']]]="",TB_ATIVIDADES[[#This Row],[Fase '[*']]]=""),"-",_xlfn.LET(_xlpm.dataMin,_xlfn.MINIFS(TB_TAREFAS[Previsão Início '[*']],TB_TAREFAS[Atividade '[*']],TB_ATIVIDADES[[#This Row],[Atividade '[*']]]),IF(_xlpm.dataMin=0,"-",_xlpm.dataMin))) -> 46084 | S12: =IF(OR(TB_ATIVIDADES[[#This Row],[Atividade '[*']]]="",TB_ATIVIDADES[[#This Row],[Fase '[*']]]=""),"-",_xlfn.LET(_xlpm.dataMax,_xlfn.MAXIFS(TB_TAREFAS[Previsão Conclusão '[*']],TB_TAREFAS[Atividade '[*']],TB_ATIVIDADES[[#This Row],[Atividade '[*']]]),IF(_xlpm.dataMax=0,"-",_xlpm.dataMax))) -> 46103 | T12: =IF(OR(TB_ATIVIDADES[[#This Row],[Atividade '[*']]]="",TB_ATIVIDADES[[#This Row],[Fase '[*']]]=""),"-",IF(TB_ATIVIDADES[[#This Row],[Total Tarefas '[=']]]=0,"-",_xlfn.LET(_xlpm.totItensNaoConcluidos,COUNTIFS(TB_TAREFAS[Atividade '[*']],TB_ATIVIDADES[[#This Row],[Atividade '[*']]],TB_TAREFAS[Situação da Execução '[*']],"<>" & "CONCLUÍDA",TB_TAREFAS[Situação da Execução '[*']],"<>" & "DESNECESSÁRIA"),_xlpm.totItensConcluidos,TB_ATIVIDADES[[#This Row],[Total Tarefas '[=']]]-_xlpm.totItensNaoConcluidos,_xlpm.totItensNaoIniciados,COUNTIFS(TB_TAREFAS[Atividade '[*']],TB_ATIVIDADES[[#This Row],[Atividade '[*']]],TB_TAREFAS[Situação da Execução '[*']],"NÃO INICIADA"),IF(_xlpm.totItensConcluidos=TB_ATIVIDADES[[#This Row],[Total Tarefas '[=']]],"CONCLUÍDA",IF(_xlpm.totItensNaoIniciados=TB_ATIVIDADES[[#This Row],[Total Tarefas '[=']]],IF(AND(DATE(YEAR(NOW()),MONTH(NOW()),DAY(NOW())) > IFERROR(DATE(YEAR(TB_ATIVIDADES[[#This Row],[Previsão Início '[=']]]),MONTH(TB_ATIVIDADES[[#This Row],[Previsão Início '[=']]]),DAY(TB_ATIVIDADES[[#This Row],[Previsão Início '[=']]])),FALSE)),"INÍCIO COM ATRASO","NÃO INICIADA"),IF(AND(DATE(YEAR(NOW()),MONTH(NOW()),DAY(NOW())) > IFERROR(DATE(YEAR(TB_ATIVIDADES[[#This Row],[Previsão Conclusão '[=']]]),MONTH(TB_ATIVIDADES[[#This Row],[Previsão Conclusão '[=']]]),DAY(TB_ATIVIDADES[[#This Row],[Previsão Conclusão '[=']]])),FALSE)),"CONCLUSÃO COM ATRASO","EM ANDAMENTO")))))) -> INÍCIO COM ATRASO
C13: =IF(TB_FASES[[#This Row],[Fase '[*']]]="","-",COUNTIF(TB_ATIVIDADES[Fase '[*']],TB_FASES[[#This Row],[Fase '[*']]])) -> - | D13: =IF(TB_FASES[[#This Row],[Fase '[*']]]="","-",SUMIF(TB_ATIVIDADES[Fase '[*']],TB_FASES[[#This Row],[Fase '[*']]],TB_ATIVIDADES[Total Tarefas '[=']])) -> - | E13: =IF(TB_FASES[[#This Row],[Fase '[*']]]="","-",_xlfn.LET(_xlpm.tot,COUNTIFS(TB_ATIVIDADES[Fase '[*']],TB_FASES[[#This Row],[Fase '[*']]],TB_ATIVIDADES[Status '[=']],"<>" & "CONCLUÍDA"),_xlpm.tot & IF(TB_FASES[[#This Row],[Total Atividades '[=']]]=0,""," (" & TEXT(_xlpm.tot/TB_FASES[[#This Row],[Total Atividades '[=']]],"0,0%") & ")"))) -> - | F13: =IF(TB_FASES[[#This Row],[Fase '[*']]]="","-",SUMIF(TB_ATIVIDADES[Fase '[*']],TB_FASES[[#This Row],[Fase '[*']]],TB_ATIVIDADES[Esforço Total (min) '[=']])) -> - | G13: =IF(TB_FASES[[#This Row],[Fase '[*']]]="","-",_xlfn.LET(_xlpm.esforcoRealizado,SUMIFS(TB_TAREFAS[Previsão Esforço (min) '[*']],TB_TAREFAS[Fase '[=']],TB_FASES[[#This Row],[Fase '[*']]],TB_TAREFAS[Situação da Execução '[*']],"CONCLUÍDA"),(TB_FASES[[#This Row],[Esforço Total (min) '[=']]]-_xlpm.esforcoRealizado) & IF(TB_FASES[[#This Row],[Esforço Total (min) '[=']]]>0," ("&TEXT((TB_FASES[[#This Row],[Esforço Total (min) '[=']]]-_xlpm.esforcoRealizado)/TB_FASES[[#This Row],[Esforço Total (min) '[=']]],"0,0%")&")",""))) -> - | H13: =IF(TB_FASES[[#This Row],[Fase '[*']]]="","-",_xlfn.LET(_xlpm.dataMin,_xlfn.MINIFS(TB_ATIVIDADES[Previsão Início '[=']],TB_ATIVIDADES[Fase '[*']],TB_FASES[[#This Row],[Fase '[*']]]),IF(_xlpm.dataMin=DATE(1900,1,0),"Indefinida",_xlpm.dataMin))) -> - | I13: =IF(TB_FASES[[#This Row],[Fase '[*']]]="","-",_xlfn.LET(_xlpm.dataMax,_xlfn.MAXIFS(TB_ATIVIDADES[Previsão Conclusão '[=']],TB_ATIVIDADES[Fase '[*']],TB_FASES[[#This Row],[Fase '[*']]]),IF(_xlpm.dataMax=DATE(1900,1,0),"Indefinida",_xlpm.dataMax))) -> - | J13: =IF(TB_FASES[[#This Row],[Fase '[*']]]="","-",IF(TB_FASES[[#This Row],[Total Atividades '[=']]]=0,"-",_xlfn.LET(_xlpm.totAtivNaoConcluidas,COUNTIFS(TB_ATIVIDADES[Fase '[*']],TB_FASES[[#This Row],[Fase '[*']]],TB_ATIVIDADES[Status '[=']],"<>" & "CONCLUÍDA"),_xlpm.totAtivConcluidas,TB_FASES[[#This Row],[Total Atividades '[=']]]-_xlpm.totAtivNaoConcluidas,_xlpm.totAtivNaoIniciadas,COUNTIFS(TB_ATIVIDADES[Fase '[*']],TB_FASES[[#This Row],[Fase '[*']]],TB_ATIVIDADES[Status '[=']],"NÃO INICIADA")+COUNTIFS(TB_ATIVIDADES[Fase '[*']],TB_FASES[[#This Row],[Fase '[*']]],TB_ATIVIDADES[Status '[=']],"INÍCIO COM ATRASO"),IF(_xlpm.totAtivConcluidas=TB_FASES[[#This Row],[Total Atividades '[=']]],"CONCLUÍDA",IF(_xlpm.totAtivNaoIniciadas=TB_FASES[[#This Row],[Total Atividades '[=']]],IF(AND(DATE(YEAR(NOW()),MONTH(NOW()),DAY(NOW())) > IFERROR(DATE(YEAR(TB_FASES[[#This Row],[Previsão Início '[=']]]),MONTH(TB_FASES[[#This Row],[Previsão Início '[=']]]),DAY(TB_FASES[[#This Row],[Previsão Início '[=']]])),FALSE)),"INICIO COM ATRASO","NÃO INICIADA"),IF(AND(DATE(YEAR(NOW()),MONTH(NOW()),DAY(NOW())) > IFERROR(DATE(YEAR(TB_FASES[[#This Row],[Previsão Conclusão '[=']]]),MONTH(TB_FASES[[#This Row],[Previsão Conclusão '[=']]]),DAY(TB_FASES[[#This Row],[Previsão Conclusão '[=']]])),FALSE)),"CONCLUSÃO COM ATRASO","EM ANDAMENTO")))))) -> - | L13: Desenv. Mdl. Criar Bolão | M13: F1-DESENV | N13: =IF(OR(TB_ATIVIDADES[[#This Row],[Atividade '[*']]]="",TB_ATIVIDADES[[#This Row],[Fase '[*']]]=""),"-",COUNTIF(TB_TAREFAS[Atividade '[*']],TB_ATIVIDADES[[#This Row],[Atividade '[*']]])) -> 5 | O13: =IF(OR(TB_ATIVIDADES[[#This Row],[Atividade '[*']]]="",TB_ATIVIDADES[[#This Row],[Fase '[*']]]=""),"-",_xlfn.LET(_xlpm.tot,COUNTIFS(TB_TAREFAS[Atividade '[*']],TB_ATIVIDADES[[#This Row],[Atividade '[*']]],TB_TAREFAS[Situação da Execução '[*']],"<>" & "CONCLUÍDA",TB_TAREFAS[Situação da Execução '[*']],"<>"&"DESNECESSÁRIA"),_xlpm.tot & IF(TB_ATIVIDADES[[#This Row],[Total Tarefas '[=']]]=0,""," (" & TEXT(_xlpm.tot/TB_ATIVIDADES[[#This Row],[Total Tarefas '[=']]],"0,0%") & ")"))) -> 5 (100,0%) | P13: =IF(OR(TB_ATIVIDADES[[#This Row],[Atividade '[*']]]="",TB_ATIVIDADES[[#This Row],[Fase '[*']]]=""),"-",SUMIF(TB_TAREFAS[Atividade '[*']],TB_ATIVIDADES[[#This Row],[Atividade '[*']]],TB_TAREFAS[Previsão Esforço (min) '[*']])) -> 95 | Q13: =IF(OR(TB_ATIVIDADES[[#This Row],[Atividade '[*']]]="",TB_ATIVIDADES[[#This Row],[Fase '[*']]]=""),"-",_xlfn.LET(_xlpm.esforçoRealizado,SUMIFS(TB_TAREFAS[Previsão Esforço (min) '[*']],TB_TAREFAS[Atividade '[*']],TB_ATIVIDADES[[#This Row],[Atividade '[*']]],TB_TAREFAS[Situação da Execução '[*']],"CONCLUÍDA")+SUMIFS(TB_TAREFAS[Previsão Esforço (min) '[*']],TB_TAREFAS[Atividade '[*']],TB_ATIVIDADES[[#This Row],[Atividade '[*']]],TB_TAREFAS[Situação da Execução '[*']],"DESNECESSÁRIA"),TB_ATIVIDADES[[#This Row],[Esforço Total (min) '[=']]]-_xlpm.esforçoRealizado & IF(TB_ATIVIDADES[[#This Row],[Esforço Total (min) '[=']]]=0,""," (" & TEXT((TB_ATIVIDADES[[#This Row],[Esforço Total (min) '[=']]]-_xlpm.esforçoRealizado) / TB_ATIVIDADES[[#This Row],[Esforço Total (min) '[=']]],"0,0%") & ")"))) -> 95 (100,0%) | R13: =IF(OR(TB_ATIVIDADES[[#This Row],[Atividade '[*']]]="",TB_ATIVIDADES[[#This Row],[Fase '[*']]]=""),"-",_xlfn.LET(_xlpm.dataMin,_xlfn.MINIFS(TB_TAREFAS[Previsão Início '[*']],TB_TAREFAS[Atividade '[*']],TB_ATIVIDADES[[#This Row],[Atividade '[*']]]),IF(_xlpm.dataMin=0,"-",_xlpm.dataMin))) -> 46085 | S13: =IF(OR(TB_ATIVIDADES[[#This Row],[Atividade '[*']]]="",TB_ATIVIDADES[[#This Row],[Fase '[*']]]=""),"-",_xlfn.LET(_xlpm.dataMax,_xlfn.MAXIFS(TB_TAREFAS[Previsão Conclusão '[*']],TB_TAREFAS[Atividade '[*']],TB_ATIVIDADES[[#This Row],[Atividade '[*']]]),IF(_xlpm.dataMax=0,"-",_xlpm.dataMax))) -> 46085 | T13: =IF(OR(TB_ATIVIDADES[[#This Row],[Atividade '[*']]]="",TB_ATIVIDADES[[#This Row],[Fase '[*']]]=""),"-",IF(TB_ATIVIDADES[[#This Row],[Total Tarefas '[=']]]=0,"-",_xlfn.LET(_xlpm.totItensNaoConcluidos,COUNTIFS(TB_TAREFAS[Atividade '[*']],TB_ATIVIDADES[[#This Row],[Atividade '[*']]],TB_TAREFAS[Situação da Execução '[*']],"<>" & "CONCLUÍDA",TB_TAREFAS[Situação da Execução '[*']],"<>" & "DESNECESSÁRIA"),_xlpm.totItensConcluidos,TB_ATIVIDADES[[#This Row],[Total Tarefas '[=']]]-_xlpm.totItensNaoConcluidos,_xlpm.totItensNaoIniciados,COUNTIFS(TB_TAREFAS[Atividade '[*']],TB_ATIVIDADES[[#This Row],[Atividade '[*']]],TB_TAREFAS[Situação da Execução '[*']],"NÃO INICIADA"),IF(_xlpm.totItensConcluidos=TB_ATIVIDADES[[#This Row],[Total Tarefas '[=']]],"CONCLUÍDA",IF(_xlpm.totItensNaoIniciados=TB_ATIVIDADES[[#This Row],[Total Tarefas '[=']]],IF(AND(DATE(YEAR(NOW()),MONTH(NOW()),DAY(NOW())) > IFERROR(DATE(YEAR(TB_ATIVIDADES[[#This Row],[Previsão Início '[=']]]),MONTH(TB_ATIVIDADES[[#This Row],[Previsão Início '[=']]]),DAY(TB_ATIVIDADES[[#This Row],[Previsão Início '[=']]])),FALSE)),"INÍCIO COM ATRASO","NÃO INICIADA"),IF(AND(DATE(YEAR(NOW()),MONTH(NOW()),DAY(NOW())) > IFERROR(DATE(YEAR(TB_ATIVIDADES[[#This Row],[Previsão Conclusão '[=']]]),MONTH(TB_ATIVIDADES[[#This Row],[Previsão Conclusão '[=']]]),DAY(TB_ATIVIDADES[[#This Row],[Previsão Conclusão '[=']]])),FALSE)),"CONCLUSÃO COM ATRASO","EM ANDAMENTO")))))) -> INÍCIO COM ATRASO
C14: =IF(TB_FASES[[#This Row],[Fase '[*']]]="","-",COUNTIF(TB_ATIVIDADES[Fase '[*']],TB_FASES[[#This Row],[Fase '[*']]])) -> - | D14: =IF(TB_FASES[[#This Row],[Fase '[*']]]="","-",SUMIF(TB_ATIVIDADES[Fase '[*']],TB_FASES[[#This Row],[Fase '[*']]],TB_ATIVIDADES[Total Tarefas '[=']])) -> - | E14: =IF(TB_FASES[[#This Row],[Fase '[*']]]="","-",_xlfn.LET(_xlpm.tot,COUNTIFS(TB_ATIVIDADES[Fase '[*']],TB_FASES[[#This Row],[Fase '[*']]],TB_ATIVIDADES[Status '[=']],"<>" & "CONCLUÍDA"),_xlpm.tot & IF(TB_FASES[[#This Row],[Total Atividades '[=']]]=0,""," (" & TEXT(_xlpm.tot/TB_FASES[[#This Row],[Total Atividades '[=']]],"0,0%") & ")"))) -> - | F14: =IF(TB_FASES[[#This Row],[Fase '[*']]]="","-",SUMIF(TB_ATIVIDADES[Fase '[*']],TB_FASES[[#This Row],[Fase '[*']]],TB_ATIVIDADES[Esforço Total (min) '[=']])) -> - | G14: =IF(TB_FASES[[#This Row],[Fase '[*']]]="","-",_xlfn.LET(_xlpm.esforcoRealizado,SUMIFS(TB_TAREFAS[Previsão Esforço (min) '[*']],TB_TAREFAS[Fase '[=']],TB_FASES[[#This Row],[Fase '[*']]],TB_TAREFAS[Situação da Execução '[*']],"CONCLUÍDA"),(TB_FASES[[#This Row],[Esforço Total (min) '[=']]]-_xlpm.esforcoRealizado) & IF(TB_FASES[[#This Row],[Esforço Total (min) '[=']]]>0," ("&TEXT((TB_FASES[[#This Row],[Esforço Total (min) '[=']]]-_xlpm.esforcoRealizado)/TB_FASES[[#This Row],[Esforço Total (min) '[=']]],"0,0%")&")",""))) -> - | H14: =IF(TB_FASES[[#This Row],[Fase '[*']]]="","-",_xlfn.LET(_xlpm.dataMin,_xlfn.MINIFS(TB_ATIVIDADES[Previsão Início '[=']],TB_ATIVIDADES[Fase '[*']],TB_FASES[[#This Row],[Fase '[*']]]),IF(_xlpm.dataMin=DATE(1900,1,0),"Indefinida",_xlpm.dataMin))) -> - | I14: =IF(TB_FASES[[#This Row],[Fase '[*']]]="","-",_xlfn.LET(_xlpm.dataMax,_xlfn.MAXIFS(TB_ATIVIDADES[Previsão Conclusão '[=']],TB_ATIVIDADES[Fase '[*']],TB_FASES[[#This Row],[Fase '[*']]]),IF(_xlpm.dataMax=DATE(1900,1,0),"Indefinida",_xlpm.dataMax))) -> - | J14: =IF(TB_FASES[[#This Row],[Fase '[*']]]="","-",IF(TB_FASES[[#This Row],[Total Atividades '[=']]]=0,"-",_xlfn.LET(_xlpm.totAtivNaoConcluidas,COUNTIFS(TB_ATIVIDADES[Fase '[*']],TB_FASES[[#This Row],[Fase '[*']]],TB_ATIVIDADES[Status '[=']],"<>" & "CONCLUÍDA"),_xlpm.totAtivConcluidas,TB_FASES[[#This Row],[Total Atividades '[=']]]-_xlpm.totAtivNaoConcluidas,_xlpm.totAtivNaoIniciadas,COUNTIFS(TB_ATIVIDADES[Fase '[*']],TB_FASES[[#This Row],[Fase '[*']]],TB_ATIVIDADES[Status '[=']],"NÃO INICIADA")+COUNTIFS(TB_ATIVIDADES[Fase '[*']],TB_FASES[[#This Row],[Fase '[*']]],TB_ATIVIDADES[Status '[=']],"INÍCIO COM ATRASO"),IF(_xlpm.totAtivConcluidas=TB_FASES[[#This Row],[Total Atividades '[=']]],"CONCLUÍDA",IF(_xlpm.totAtivNaoIniciadas=TB_FASES[[#This Row],[Total Atividades '[=']]],IF(AND(DATE(YEAR(NOW()),MONTH(NOW()),DAY(NOW())) > IFERROR(DATE(YEAR(TB_FASES[[#This Row],[Previsão Início '[=']]]),MONTH(TB_FASES[[#This Row],[Previsão Início '[=']]]),DAY(TB_FASES[[#This Row],[Previsão Início '[=']]])),FALSE)),"INICIO COM ATRASO","NÃO INICIADA"),IF(AND(DATE(YEAR(NOW()),MONTH(NOW()),DAY(NOW())) > IFERROR(DATE(YEAR(TB_FASES[[#This Row],[Previsão Conclusão '[=']]]),MONTH(TB_FASES[[#This Row],[Previsão Conclusão '[=']]]),DAY(TB_FASES[[#This Row],[Previsão Conclusão '[=']]])),FALSE)),"CONCLUSÃO COM ATRASO","EM ANDAMENTO")))))) -> - | L14: Desenv. Mdl. Entrar Bolão | M14: F1-DESENV | N14: =IF(OR(TB_ATIVIDADES[[#This Row],[Atividade '[*']]]="",TB_ATIVIDADES[[#This Row],[Fase '[*']]]=""),"-",COUNTIF(TB_TAREFAS[Atividade '[*']],TB_ATIVIDADES[[#This Row],[Atividade '[*']]])) -> 5 | O14: =IF(OR(TB_ATIVIDADES[[#This Row],[Atividade '[*']]]="",TB_ATIVIDADES[[#This Row],[Fase '[*']]]=""),"-",_xlfn.LET(_xlpm.tot,COUNTIFS(TB_TAREFAS[Atividade '[*']],TB_ATIVIDADES[[#This Row],[Atividade '[*']]],TB_TAREFAS[Situação da Execução '[*']],"<>" & "CONCLUÍDA",TB_TAREFAS[Situação da Execução '[*']],"<>"&"DESNECESSÁRIA"),_xlpm.tot & IF(TB_ATIVIDADES[[#This Row],[Total Tarefas '[=']]]=0,""," (" & TEXT(_xlpm.tot/TB_ATIVIDADES[[#This Row],[Total Tarefas '[=']]],"0,0%") & ")"))) -> 5 (100,0%) | P14: =IF(OR(TB_ATIVIDADES[[#This Row],[Atividade '[*']]]="",TB_ATIVIDADES[[#This Row],[Fase '[*']]]=""),"-",SUMIF(TB_TAREFAS[Atividade '[*']],TB_ATIVIDADES[[#This Row],[Atividade '[*']]],TB_TAREFAS[Previsão Esforço (min) '[*']])) -> 95 | Q14: =IF(OR(TB_ATIVIDADES[[#This Row],[Atividade '[*']]]="",TB_ATIVIDADES[[#This Row],[Fase '[*']]]=""),"-",_xlfn.LET(_xlpm.esforçoRealizado,SUMIFS(TB_TAREFAS[Previsão Esforço (min) '[*']],TB_TAREFAS[Atividade '[*']],TB_ATIVIDADES[[#This Row],[Atividade '[*']]],TB_TAREFAS[Situação da Execução '[*']],"CONCLUÍDA")+SUMIFS(TB_TAREFAS[Previsão Esforço (min) '[*']],TB_TAREFAS[Atividade '[*']],TB_ATIVIDADES[[#This Row],[Atividade '[*']]],TB_TAREFAS[Situação da Execução '[*']],"DESNECESSÁRIA"),TB_ATIVIDADES[[#This Row],[Esforço Total (min) '[=']]]-_xlpm.esforçoRealizado & IF(TB_ATIVIDADES[[#This Row],[Esforço Total (min) '[=']]]=0,""," (" & TEXT((TB_ATIVIDADES[[#This Row],[Esforço Total (min) '[=']]]-_xlpm.esforçoRealizado) / TB_ATIVIDADES[[#This Row],[Esforço Total (min) '[=']]],"0,0%") & ")"))) -> 95 (100,0%) | R14: =IF(OR(TB_ATIVIDADES[[#This Row],[Atividade '[*']]]="",TB_ATIVIDADES[[#This Row],[Fase '[*']]]=""),"-",_xlfn.LET(_xlpm.dataMin,_xlfn.MINIFS(TB_TAREFAS[Previsão Início '[*']],TB_TAREFAS[Atividade '[*']],TB_ATIVIDADES[[#This Row],[Atividade '[*']]]),IF(_xlpm.dataMin=0,"-",_xlpm.dataMin))) -> 46085 | S14: =IF(OR(TB_ATIVIDADES[[#This Row],[Atividade '[*']]]="",TB_ATIVIDADES[[#This Row],[Fase '[*']]]=""),"-",_xlfn.LET(_xlpm.dataMax,_xlfn.MAXIFS(TB_TAREFAS[Previsão Conclusão '[*']],TB_TAREFAS[Atividade '[*']],TB_ATIVIDADES[[#This Row],[Atividade '[*']]]),IF(_xlpm.dataMax=0,"-",_xlpm.dataMax))) -> 46085 | T14: =IF(OR(TB_ATIVIDADES[[#This Row],[Atividade '[*']]]="",TB_ATIVIDADES[[#This Row],[Fase '[*']]]=""),"-",IF(TB_ATIVIDADES[[#This Row],[Total Tarefas '[=']]]=0,"-",_xlfn.LET(_xlpm.totItensNaoConcluidos,COUNTIFS(TB_TAREFAS[Atividade '[*']],TB_ATIVIDADES[[#This Row],[Atividade '[*']]],TB_TAREFAS[Situação da Execução '[*']],"<>" & "CONCLUÍDA",TB_TAREFAS[Situação da Execução '[*']],"<>" & "DESNECESSÁRIA"),_xlpm.totItensConcluidos,TB_ATIVIDADES[[#This Row],[Total Tarefas '[=']]]-_xlpm.totItensNaoConcluidos,_xlpm.totItensNaoIniciados,COUNTIFS(TB_TAREFAS[Atividade '[*']],TB_ATIVIDADES[[#This Row],[Atividade '[*']]],TB_TAREFAS[Situação da Execução '[*']],"NÃO INICIADA"),IF(_xlpm.totItensConcluidos=TB_ATIVIDADES[[#This Row],[Total Tarefas '[=']]],"CONCLUÍDA",IF(_xlpm.totItensNaoIniciados=TB_ATIVIDADES[[#This Row],[Total Tarefas '[=']]],IF(AND(DATE(YEAR(NOW()),MONTH(NOW()),DAY(NOW())) > IFERROR(DATE(YEAR(TB_ATIVIDADES[[#This Row],[Previsão Início '[=']]]),MONTH(TB_ATIVIDADES[[#This Row],[Previsão Início '[=']]]),DAY(TB_ATIVIDADES[[#This Row],[Previsão Início '[=']]])),FALSE)),"INÍCIO COM ATRASO","NÃO INICIADA"),IF(AND(DATE(YEAR(NOW()),MONTH(NOW()),DAY(NOW())) > IFERROR(DATE(YEAR(TB_ATIVIDADES[[#This Row],[Previsão Conclusão '[=']]]),MONTH(TB_ATIVIDADES[[#This Row],[Previsão Conclusão '[=']]]),DAY(TB_ATIVIDADES[[#This Row],[Previsão Conclusão '[=']]])),FALSE)),"CONCLUSÃO COM ATRASO","EM ANDAMENTO")))))) -> INÍCIO COM ATRASO
C15: =IF(TB_FASES[[#This Row],[Fase '[*']]]="","-",COUNTIF(TB_ATIVIDADES[Fase '[*']],TB_FASES[[#This Row],[Fase '[*']]])) -> - | D15: =IF(TB_FASES[[#This Row],[Fase '[*']]]="","-",SUMIF(TB_ATIVIDADES[Fase '[*']],TB_FASES[[#This Row],[Fase '[*']]],TB_ATIVIDADES[Total Tarefas '[=']])) -> - | E15: =IF(TB_FASES[[#This Row],[Fase '[*']]]="","-",_xlfn.LET(_xlpm.tot,COUNTIFS(TB_ATIVIDADES[Fase '[*']],TB_FASES[[#This Row],[Fase '[*']]],TB_ATIVIDADES[Status '[=']],"<>" & "CONCLUÍDA"),_xlpm.tot & IF(TB_FASES[[#This Row],[Total Atividades '[=']]]=0,""," (" & TEXT(_xlpm.tot/TB_FASES[[#This Row],[Total Atividades '[=']]],"0,0%") & ")"))) -> - | F15: =IF(TB_FASES[[#This Row],[Fase '[*']]]="","-",SUMIF(TB_ATIVIDADES[Fase '[*']],TB_FASES[[#This Row],[Fase '[*']]],TB_ATIVIDADES[Esforço Total (min) '[=']])) -> - | G15: =IF(TB_FASES[[#This Row],[Fase '[*']]]="","-",_xlfn.LET(_xlpm.esforcoRealizado,SUMIFS(TB_TAREFAS[Previsão Esforço (min) '[*']],TB_TAREFAS[Fase '[=']],TB_FASES[[#This Row],[Fase '[*']]],TB_TAREFAS[Situação da Execução '[*']],"CONCLUÍDA"),(TB_FASES[[#This Row],[Esforço Total (min) '[=']]]-_xlpm.esforcoRealizado) & IF(TB_FASES[[#This Row],[Esforço Total (min) '[=']]]>0," ("&TEXT((TB_FASES[[#This Row],[Esforço Total (min) '[=']]]-_xlpm.esforcoRealizado)/TB_FASES[[#This Row],[Esforço Total (min) '[=']]],"0,0%")&")",""))) -> - | H15: =IF(TB_FASES[[#This Row],[Fase '[*']]]="","-",_xlfn.LET(_xlpm.dataMin,_xlfn.MINIFS(TB_ATIVIDADES[Previsão Início '[=']],TB_ATIVIDADES[Fase '[*']],TB_FASES[[#This Row],[Fase '[*']]]),IF(_xlpm.dataMin=DATE(1900,1,0),"Indefinida",_xlpm.dataMin))) -> - | I15: =IF(TB_FASES[[#This Row],[Fase '[*']]]="","-",_xlfn.LET(_xlpm.dataMax,_xlfn.MAXIFS(TB_ATIVIDADES[Previsão Conclusão '[=']],TB_ATIVIDADES[Fase '[*']],TB_FASES[[#This Row],[Fase '[*']]]),IF(_xlpm.dataMax=DATE(1900,1,0),"Indefinida",_xlpm.dataMax))) -> - | J15: =IF(TB_FASES[[#This Row],[Fase '[*']]]="","-",IF(TB_FASES[[#This Row],[Total Atividades '[=']]]=0,"-",_xlfn.LET(_xlpm.totAtivNaoConcluidas,COUNTIFS(TB_ATIVIDADES[Fase '[*']],TB_FASES[[#This Row],[Fase '[*']]],TB_ATIVIDADES[Status '[=']],"<>" & "CONCLUÍDA"),_xlpm.totAtivConcluidas,TB_FASES[[#This Row],[Total Atividades '[=']]]-_xlpm.totAtivNaoConcluidas,_xlpm.totAtivNaoIniciadas,COUNTIFS(TB_ATIVIDADES[Fase '[*']],TB_FASES[[#This Row],[Fase '[*']]],TB_ATIVIDADES[Status '[=']],"NÃO INICIADA")+COUNTIFS(TB_ATIVIDADES[Fase '[*']],TB_FASES[[#This Row],[Fase '[*']]],TB_ATIVIDADES[Status '[=']],"INÍCIO COM ATRASO"),IF(_xlpm.totAtivConcluidas=TB_FASES[[#This Row],[Total Atividades '[=']]],"CONCLUÍDA",IF(_xlpm.totAtivNaoIniciadas=TB_FASES[[#This Row],[Total Atividades '[=']]],IF(AND(DATE(YEAR(NOW()),MONTH(NOW()),DAY(NOW())) > IFERROR(DATE(YEAR(TB_FASES[[#This Row],[Previsão Início '[=']]]),MONTH(TB_FASES[[#This Row],[Previsão Início '[=']]]),DAY(TB_FASES[[#This Row],[Previsão Início '[=']]])),FALSE)),"INICIO COM ATRASO","NÃO INICIADA"),IF(AND(DATE(YEAR(NOW()),MONTH(NOW()),DAY(NOW())) > IFERROR(DATE(YEAR(TB_FASES[[#This Row],[Previsão Conclusão '[=']]]),MONTH(TB_FASES[[#This Row],[Previsão Conclusão '[=']]]),DAY(TB_FASES[[#This Row],[Previsão Conclusão '[=']]])),FALSE)),"CONCLUSÃO COM ATRASO","EM ANDAMENTO")))))) -> - | L15: Desenv. Pg. Bolão | M15: F1-DESENV | N15: =IF(OR(TB_ATIVIDADES[[#This Row],[Atividade '[*']]]="",TB_ATIVIDADES[[#This Row],[Fase '[*']]]=""),"-",COUNTIF(TB_TAREFAS[Atividade '[*']],TB_ATIVIDADES[[#This Row],[Atividade '[*']]])) -> 9 | O15: =IF(OR(TB_ATIVIDADES[[#This Row],[Atividade '[*']]]="",TB_ATIVIDADES[[#This Row],[Fase '[*']]]=""),"-",_xlfn.LET(_xlpm.tot,COUNTIFS(TB_TAREFAS[Atividade '[*']],TB_ATIVIDADES[[#This Row],[Atividade '[*']]],TB_TAREFAS[Situação da Execução '[*']],"<>" & "CONCLUÍDA",TB_TAREFAS[Situação da Execução '[*']],"<>"&"DESNECESSÁRIA"),_xlpm.tot & IF(TB_ATIVIDADES[[#This Row],[Total Tarefas '[=']]]=0,""," (" & TEXT(_xlpm.tot/TB_ATIVIDADES[[#This Row],[Total Tarefas '[=']]],"0,0%") & ")"))) -> 9 (100,0%) | P15: =IF(OR(TB_ATIVIDADES[[#This Row],[Atividade '[*']]]="",TB_ATIVIDADES[[#This Row],[Fase '[*']]]=""),"-",SUMIF(TB_TAREFAS[Atividade '[*']],TB_ATIVIDADES[[#This Row],[Atividade '[*']]],TB_TAREFAS[Previsão Esforço (min) '[*']])) -> 205 | Q15: =IF(OR(TB_ATIVIDADES[[#This Row],[Atividade '[*']]]="",TB_ATIVIDADES[[#This Row],[Fase '[*']]]=""),"-",_xlfn.LET(_xlpm.esforçoRealizado,SUMIFS(TB_TAREFAS[Previsão Esforço (min) '[*']],TB_TAREFAS[Atividade '[*']],TB_ATIVIDADES[[#This Row],[Atividade '[*']]],TB_TAREFAS[Situação da Execução '[*']],"CONCLUÍDA")+SUMIFS(TB_TAREFAS[Previsão Esforço (min) '[*']],TB_TAREFAS[Atividade '[*']],TB_ATIVIDADES[[#This Row],[Atividade '[*']]],TB_TAREFAS[Situação da Execução '[*']],"DESNECESSÁRIA"),TB_ATIVIDADES[[#This Row],[Esforço Total (min) '[=']]]-_xlpm.esforçoRealizado & IF(TB_ATIVIDADES[[#This Row],[Esforço Total (min) '[=']]]=0,""," (" & TEXT((TB_ATIVIDADES[[#This Row],[Esforço Total (min) '[=']]]-_xlpm.esforçoRealizado) / TB_ATIVIDADES[[#This Row],[Esforço Total (min) '[=']]],"0,0%") & ")"))) -> 205 (100,0%) | R15: =IF(OR(TB_ATIVIDADES[[#This Row],[Atividade '[*']]]="",TB_ATIVIDADES[[#This Row],[Fase '[*']]]=""),"-",_xlfn.LET(_xlpm.dataMin,_xlfn.MINIFS(TB_TAREFAS[Previsão Início '[*']],TB_TAREFAS[Atividade '[*']],TB_ATIVIDADES[[#This Row],[Atividade '[*']]]),IF(_xlpm.dataMin=0,"-",_xlpm.dataMin))) -> 46086 | S15: =IF(OR(TB_ATIVIDADES[[#This Row],[Atividade '[*']]]="",TB_ATIVIDADES[[#This Row],[Fase '[*']]]=""),"-",_xlfn.LET(_xlpm.dataMax,_xlfn.MAXIFS(TB_TAREFAS[Previsão Conclusão '[*']],TB_TAREFAS[Atividade '[*']],TB_ATIVIDADES[[#This Row],[Atividade '[*']]]),IF(_xlpm.dataMax=0,"-",_xlpm.dataMax))) -> 46091 | T15: =IF(OR(TB_ATIVIDADES[[#This Row],[Atividade '[*']]]="",TB_ATIVIDADES[[#This Row],[Fase '[*']]]=""),"-",IF(TB_ATIVIDADES[[#This Row],[Total Tarefas '[=']]]=0,"-",_xlfn.LET(_xlpm.totItensNaoConcluidos,COUNTIFS(TB_TAREFAS[Atividade '[*']],TB_ATIVIDADES[[#This Row],[Atividade '[*']]],TB_TAREFAS[Situação da Execução '[*']],"<>" & "CONCLUÍDA",TB_TAREFAS[Situação da Execução '[*']],"<>" & "DESNECESSÁRIA"),_xlpm.totItensConcluidos,TB_ATIVIDADES[[#This Row],[Total Tarefas '[=']]]-_xlpm.totItensNaoConcluidos,_xlpm.totItensNaoIniciados,COUNTIFS(TB_TAREFAS[Atividade '[*']],TB_ATIVIDADES[[#This Row],[Atividade '[*']]],TB_TAREFAS[Situação da Execução '[*']],"NÃO INICIADA"),IF(_xlpm.totItensConcluidos=TB_ATIVIDADES[[#This Row],[Total Tarefas '[=']]],"CONCLUÍDA",IF(_xlpm.totItensNaoIniciados=TB_ATIVIDADES[[#This Row],[Total Tarefas '[=']]],IF(AND(DATE(YEAR(NOW()),MONTH(NOW()),DAY(NOW())) > IFERROR(DATE(YEAR(TB_ATIVIDADES[[#This Row],[Previsão Início '[=']]]),MONTH(TB_ATIVIDADES[[#This Row],[Previsão Início '[=']]]),DAY(TB_ATIVIDADES[[#This Row],[Previsão Início '[=']]])),FALSE)),"INÍCIO COM ATRASO","NÃO INICIADA"),IF(AND(DATE(YEAR(NOW()),MONTH(NOW()),DAY(NOW())) > IFERROR(DATE(YEAR(TB_ATIVIDADES[[#This Row],[Previsão Conclusão '[=']]]),MONTH(TB_ATIVIDADES[[#This Row],[Previsão Conclusão '[=']]]),DAY(TB_ATIVIDADES[[#This Row],[Previsão Conclusão '[=']]])),FALSE)),"CONCLUSÃO COM ATRASO","EM ANDAMENTO")))))) -> INÍCIO COM ATRASO
C16: =IF(TB_FASES[[#This Row],[Fase '[*']]]="","-",COUNTIF(TB_ATIVIDADES[Fase '[*']],TB_FASES[[#This Row],[Fase '[*']]])) -> - | D16: =IF(TB_FASES[[#This Row],[Fase '[*']]]="","-",SUMIF(TB_ATIVIDADES[Fase '[*']],TB_FASES[[#This Row],[Fase '[*']]],TB_ATIVIDADES[Total Tarefas '[=']])) -> - | E16: =IF(TB_FASES[[#This Row],[Fase '[*']]]="","-",_xlfn.LET(_xlpm.tot,COUNTIFS(TB_ATIVIDADES[Fase '[*']],TB_FASES[[#This Row],[Fase '[*']]],TB_ATIVIDADES[Status '[=']],"<>" & "CONCLUÍDA"),_xlpm.tot & IF(TB_FASES[[#This Row],[Total Atividades '[=']]]=0,""," (" & TEXT(_xlpm.tot/TB_FASES[[#This Row],[Total Atividades '[=']]],"0,0%") & ")"))) -> - | F16: =IF(TB_FASES[[#This Row],[Fase '[*']]]="","-",SUMIF(TB_ATIVIDADES[Fase '[*']],TB_FASES[[#This Row],[Fase '[*']]],TB_ATIVIDADES[Esforço Total (min) '[=']])) -> - | G16: =IF(TB_FASES[[#This Row],[Fase '[*']]]="","-",_xlfn.LET(_xlpm.esforcoRealizado,SUMIFS(TB_TAREFAS[Previsão Esforço (min) '[*']],TB_TAREFAS[Fase '[=']],TB_FASES[[#This Row],[Fase '[*']]],TB_TAREFAS[Situação da Execução '[*']],"CONCLUÍDA"),(TB_FASES[[#This Row],[Esforço Total (min) '[=']]]-_xlpm.esforcoRealizado) & IF(TB_FASES[[#This Row],[Esforço Total (min) '[=']]]>0," ("&TEXT((TB_FASES[[#This Row],[Esforço Total (min) '[=']]]-_xlpm.esforcoRealizado)/TB_FASES[[#This Row],[Esforço Total (min) '[=']]],"0,0%")&")",""))) -> - | H16: =IF(TB_FASES[[#This Row],[Fase '[*']]]="","-",_xlfn.LET(_xlpm.dataMin,_xlfn.MINIFS(TB_ATIVIDADES[Previsão Início '[=']],TB_ATIVIDADES[Fase '[*']],TB_FASES[[#This Row],[Fase '[*']]]),IF(_xlpm.dataMin=DATE(1900,1,0),"Indefinida",_xlpm.dataMin))) -> - | I16: =IF(TB_FASES[[#This Row],[Fase '[*']]]="","-",_xlfn.LET(_xlpm.dataMax,_xlfn.MAXIFS(TB_ATIVIDADES[Previsão Conclusão '[=']],TB_ATIVIDADES[Fase '[*']],TB_FASES[[#This Row],[Fase '[*']]]),IF(_xlpm.dataMax=DATE(1900,1,0),"Indefinida",_xlpm.dataMax))) -> - | J16: =IF(TB_FASES[[#This Row],[Fase '[*']]]="","-",IF(TB_FASES[[#This Row],[Total Atividades '[=']]]=0,"-",_xlfn.LET(_xlpm.totAtivNaoConcluidas,COUNTIFS(TB_ATIVIDADES[Fase '[*']],TB_FASES[[#This Row],[Fase '[*']]],TB_ATIVIDADES[Status '[=']],"<>" & "CONCLUÍDA"),_xlpm.totAtivConcluidas,TB_FASES[[#This Row],[Total Atividades '[=']]]-_xlpm.totAtivNaoConcluidas,_xlpm.totAtivNaoIniciadas,COUNTIFS(TB_ATIVIDADES[Fase '[*']],TB_FASES[[#This Row],[Fase '[*']]],TB_ATIVIDADES[Status '[=']],"NÃO INICIADA")+COUNTIFS(TB_ATIVIDADES[Fase '[*']],TB_FASES[[#This Row],[Fase '[*']]],TB_ATIVIDADES[Status '[=']],"INÍCIO COM ATRASO"),IF(_xlpm.totAtivConcluidas=TB_FASES[[#This Row],[Total Atividades '[=']]],"CONCLUÍDA",IF(_xlpm.totAtivNaoIniciadas=TB_FASES[[#This Row],[Total Atividades '[=']]],IF(AND(DATE(YEAR(NOW()),MONTH(NOW()),DAY(NOW())) > IFERROR(DATE(YEAR(TB_FASES[[#This Row],[Previsão Início '[=']]]),MONTH(TB_FASES[[#This Row],[Previsão Início '[=']]]),DAY(TB_FASES[[#This Row],[Previsão Início '[=']]])),FALSE)),"INICIO COM ATRASO","NÃO INICIADA"),IF(AND(DATE(YEAR(NOW()),MONTH(NOW()),DAY(NOW())) > IFERROR(DATE(YEAR(TB_FASES[[#This Row],[Previsão Conclusão '[=']]]),MONTH(TB_FASES[[#This Row],[Previsão Conclusão '[=']]]),DAY(TB_FASES[[#This Row],[Previsão Conclusão '[=']]])),FALSE)),"CONCLUSÃO COM ATRASO","EM ANDAMENTO")))))) -> - | L16: Desenv. Mdl. Editar Bolão | M16: F1-DESENV | N16: =IF(OR(TB_ATIVIDADES[[#This Row],[Atividade '[*']]]="",TB_ATIVIDADES[[#This Row],[Fase '[*']]]=""),"-",COUNTIF(TB_TAREFAS[Atividade '[*']],TB_ATIVIDADES[[#This Row],[Atividade '[*']]])) -> 6 | O16: =IF(OR(TB_ATIVIDADES[[#This Row],[Atividade '[*']]]="",TB_ATIVIDADES[[#This Row],[Fase '[*']]]=""),"-",_xlfn.LET(_xlpm.tot,COUNTIFS(TB_TAREFAS[Atividade '[*']],TB_ATIVIDADES[[#This Row],[Atividade '[*']]],TB_TAREFAS[Situação da Execução '[*']],"<>" & "CONCLUÍDA",TB_TAREFAS[Situação da Execução '[*']],"<>"&"DESNECESSÁRIA"),_xlpm.tot & IF(TB_ATIVIDADES[[#This Row],[Total Tarefas '[=']]]=0,""," (" & TEXT(_xlpm.tot/TB_ATIVIDADES[[#This Row],[Total Tarefas '[=']]],"0,0%") & ")"))) -> 6 (100,0%) | P16: =IF(OR(TB_ATIVIDADES[[#This Row],[Atividade '[*']]]="",TB_ATIVIDADES[[#This Row],[Fase '[*']]]=""),"-",SUMIF(TB_TAREFAS[Atividade '[*']],TB_ATIVIDADES[[#This Row],[Atividade '[*']]],TB_TAREFAS[Previsão Esforço (min) '[*']])) -> 105 | Q16: =IF(OR(TB_ATIVIDADES[[#This Row],[Atividade '[*']]]="",TB_ATIVIDADES[[#This Row],[Fase '[*']]]=""),"-",_xlfn.LET(_xlpm.esforçoRealizado,SUMIFS(TB_TAREFAS[Previsão Esforço (min) '[*']],TB_TAREFAS[Atividade '[*']],TB_ATIVIDADES[[#This Row],[Atividade '[*']]],TB_TAREFAS[Situação da Execução '[*']],"CONCLUÍDA")+SUMIFS(TB_TAREFAS[Previsão Esforço (min) '[*']],TB_TAREFAS[Atividade '[*']],TB_ATIVIDADES[[#This Row],[Atividade '[*']]],TB_TAREFAS[Situação da Execução '[*']],"DESNECESSÁRIA"),TB_ATIVIDADES[[#This Row],[Esforço Total (min) '[=']]]-_xlpm.esforçoRealizado & IF(TB_ATIVIDADES[[#This Row],[Esforço Total (min) '[=']]]=0,""," (" & TEXT((TB_ATIVIDADES[[#This Row],[Esforço Total (min) '[=']]]-_xlpm.esforçoRealizado) / TB_ATIVIDADES[[#This Row],[Esforço Total (min) '[=']]],"0,0%") & ")"))) -> 105 (100,0%) | R16: =IF(OR(TB_ATIVIDADES[[#This Row],[Atividade '[*']]]="",TB_ATIVIDADES[[#This Row],[Fase '[*']]]=""),"-",_xlfn.LET(_xlpm.dataMin,_xlfn.MINIFS(TB_TAREFAS[Previsão Início '[*']],TB_TAREFAS[Atividade '[*']],TB_ATIVIDADES[[#This Row],[Atividade '[*']]]),IF(_xlpm.dataMin=0,"-",_xlpm.dataMin))) -> 46086 | S16: =IF(OR(TB_ATIVIDADES[[#This Row],[Atividade '[*']]]="",TB_ATIVIDADES[[#This Row],[Fase '[*']]]=""),"-",_xlfn.LET(_xlpm.dataMax,_xlfn.MAXIFS(TB_TAREFAS[Previsão Conclusão '[*']],TB_TAREFAS[Atividade '[*']],TB_ATIVIDADES[[#This Row],[Atividade '[*']]]),IF(_xlpm.dataMax=0,"-",_xlpm.dataMax))) -> 46086 | T16: =IF(OR(TB_ATIVIDADES[[#This Row],[Atividade '[*']]]="",TB_ATIVIDADES[[#This Row],[Fase '[*']]]=""),"-",IF(TB_ATIVIDADES[[#This Row],[Total Tarefas '[=']]]=0,"-",_xlfn.LET(_xlpm.totItensNaoConcluidos,COUNTIFS(TB_TAREFAS[Atividade '[*']],TB_ATIVIDADES[[#This Row],[Atividade '[*']]],TB_TAREFAS[Situação da Execução '[*']],"<>" & "CONCLUÍDA",TB_TAREFAS[Situação da Execução '[*']],"<>" & "DESNECESSÁRIA"),_xlpm.totItensConcluidos,TB_ATIVIDADES[[#This Row],[Total Tarefas '[=']]]-_xlpm.totItensNaoConcluidos,_xlpm.totItensNaoIniciados,COUNTIFS(TB_TAREFAS[Atividade '[*']],TB_ATIVIDADES[[#This Row],[Atividade '[*']]],TB_TAREFAS[Situação da Execução '[*']],"NÃO INICIADA"),IF(_xlpm.totItensConcluidos=TB_ATIVIDADES[[#This Row],[Total Tarefas '[=']]],"CONCLUÍDA",IF(_xlpm.totItensNaoIniciados=TB_ATIVIDADES[[#This Row],[Total Tarefas '[=']]],IF(AND(DATE(YEAR(NOW()),MONTH(NOW()),DAY(NOW())) > IFERROR(DATE(YEAR(TB_ATIVIDADES[[#This Row],[Previsão Início '[=']]]),MONTH(TB_ATIVIDADES[[#This Row],[Previsão Início '[=']]]),DAY(TB_ATIVIDADES[[#This Row],[Previsão Início '[=']]])),FALSE)),"INÍCIO COM ATRASO","NÃO INICIADA"),IF(AND(DATE(YEAR(NOW()),MONTH(NOW()),DAY(NOW())) > IFERROR(DATE(YEAR(TB_ATIVIDADES[[#This Row],[Previsão Conclusão '[=']]]),MONTH(TB_ATIVIDADES[[#This Row],[Previsão Conclusão '[=']]]),DAY(TB_ATIVIDADES[[#This Row],[Previsão Conclusão '[=']]])),FALSE)),"CONCLUSÃO COM ATRASO","EM ANDAMENTO")))))) -> INÍCIO COM ATRASO
C17: =IF(TB_FASES[[#This Row],[Fase '[*']]]="","-",COUNTIF(TB_ATIVIDADES[Fase '[*']],TB_FASES[[#This Row],[Fase '[*']]])) -> - | D17: =IF(TB_FASES[[#This Row],[Fase '[*']]]="","-",SUMIF(TB_ATIVIDADES[Fase '[*']],TB_FASES[[#This Row],[Fase '[*']]],TB_ATIVIDADES[Total Tarefas '[=']])) -> - | E17: =IF(TB_FASES[[#This Row],[Fase '[*']]]="","-",_xlfn.LET(_xlpm.tot,COUNTIFS(TB_ATIVIDADES[Fase '[*']],TB_FASES[[#This Row],[Fase '[*']]],TB_ATIVIDADES[Status '[=']],"<>" & "CONCLUÍDA"),_xlpm.tot & IF(TB_FASES[[#This Row],[Total Atividades '[=']]]=0,""," (" & TEXT(_xlpm.tot/TB_FASES[[#This Row],[Total Atividades '[=']]],"0,0%") & ")"))) -> - | F17: =IF(TB_FASES[[#This Row],[Fase '[*']]]="","-",SUMIF(TB_ATIVIDADES[Fase '[*']],TB_FASES[[#This Row],[Fase '[*']]],TB_ATIVIDADES[Esforço Total (min) '[=']])) -> - | G17: =IF(TB_FASES[[#This Row],[Fase '[*']]]="","-",_xlfn.LET(_xlpm.esforcoRealizado,SUMIFS(TB_TAREFAS[Previsão Esforço (min) '[*']],TB_TAREFAS[Fase '[=']],TB_FASES[[#This Row],[Fase '[*']]],TB_TAREFAS[Situação da Execução '[*']],"CONCLUÍDA"),(TB_FASES[[#This Row],[Esforço Total (min) '[=']]]-_xlpm.esforcoRealizado) & IF(TB_FASES[[#This Row],[Esforço Total (min) '[=']]]>0," ("&TEXT((TB_FASES[[#This Row],[Esforço Total (min) '[=']]]-_xlpm.esforcoRealizado)/TB_FASES[[#This Row],[Esforço Total (min) '[=']]],"0,0%")&")",""))) -> - | H17: =IF(TB_FASES[[#This Row],[Fase '[*']]]="","-",_xlfn.LET(_xlpm.dataMin,_xlfn.MINIFS(TB_ATIVIDADES[Previsão Início '[=']],TB_ATIVIDADES[Fase '[*']],TB_FASES[[#This Row],[Fase '[*']]]),IF(_xlpm.dataMin=DATE(1900,1,0),"Indefinida",_xlpm.dataMin))) -> - | I17: =IF(TB_FASES[[#This Row],[Fase '[*']]]="","-",_xlfn.LET(_xlpm.dataMax,_xlfn.MAXIFS(TB_ATIVIDADES[Previsão Conclusão '[=']],TB_ATIVIDADES[Fase '[*']],TB_FASES[[#This Row],[Fase '[*']]]),IF(_xlpm.dataMax=DATE(1900,1,0),"Indefinida",_xlpm.dataMax))) -> - | J17: =IF(TB_FASES[[#This Row],[Fase '[*']]]="","-",IF(TB_FASES[[#This Row],[Total Atividades '[=']]]=0,"-",_xlfn.LET(_xlpm.totAtivNaoConcluidas,COUNTIFS(TB_ATIVIDADES[Fase '[*']],TB_FASES[[#This Row],[Fase '[*']]],TB_ATIVIDADES[Status '[=']],"<>" & "CONCLUÍDA"),_xlpm.totAtivConcluidas,TB_FASES[[#This Row],[Total Atividades '[=']]]-_xlpm.totAtivNaoConcluidas,_xlpm.totAtivNaoIniciadas,COUNTIFS(TB_ATIVIDADES[Fase '[*']],TB_FASES[[#This Row],[Fase '[*']]],TB_ATIVIDADES[Status '[=']],"NÃO INICIADA")+COUNTIFS(TB_ATIVIDADES[Fase '[*']],TB_FASES[[#This Row],[Fase '[*']]],TB_ATIVIDADES[Status '[=']],"INÍCIO COM ATRASO"),IF(_xlpm.totAtivConcluidas=TB_FASES[[#This Row],[Total Atividades '[=']]],"CONCLUÍDA",IF(_xlpm.totAtivNaoIniciadas=TB_FASES[[#This Row],[Total Atividades '[=']]],IF(AND(DATE(YEAR(NOW()),MONTH(NOW()),DAY(NOW())) > IFERROR(DATE(YEAR(TB_FASES[[#This Row],[Previsão Início '[=']]]),MONTH(TB_FASES[[#This Row],[Previsão Início '[=']]]),DAY(TB_FASES[[#This Row],[Previsão Início '[=']]])),FALSE)),"INICIO COM ATRASO","NÃO INICIADA"),IF(AND(DATE(YEAR(NOW()),MONTH(NOW()),DAY(NOW())) > IFERROR(DATE(YEAR(TB_FASES[[#This Row],[Previsão Conclusão '[=']]]),MONTH(TB_FASES[[#This Row],[Previsão Conclusão '[=']]]),DAY(TB_FASES[[#This Row],[Previsão Conclusão '[=']]])),FALSE)),"CONCLUSÃO COM ATRASO","EM ANDAMENTO")))))) -> - | L17: Desenv. Mdl. Gerenciar Participantes | M17: F1-DESENV | N17: =IF(OR(TB_ATIVIDADES[[#This Row],[Atividade '[*']]]="",TB_ATIVIDADES[[#This Row],[Fase '[*']]]=""),"-",COUNTIF(TB_TAREFAS[Atividade '[*']],TB_ATIVIDADES[[#This Row],[Atividade '[*']]])) -> 7 | O17: =IF(OR(TB_ATIVIDADES[[#This Row],[Atividade '[*']]]="",TB_ATIVIDADES[[#This Row],[Fase '[*']]]=""),"-",_xlfn.LET(_xlpm.tot,COUNTIFS(TB_TAREFAS[Atividade '[*']],TB_ATIVIDADES[[#This Row],[Atividade '[*']]],TB_TAREFAS[Situação da Execução '[*']],"<>" & "CONCLUÍDA",TB_TAREFAS[Situação da Execução '[*']],"<>"&"DESNECESSÁRIA"),_xlpm.tot & IF(TB_ATIVIDADES[[#This Row],[Total Tarefas '[=']]]=0,""," (" & TEXT(_xlpm.tot/TB_ATIVIDADES[[#This Row],[Total Tarefas '[=']]],"0,0%") & ")"))) -> 7 (100,0%) | P17: =IF(OR(TB_ATIVIDADES[[#This Row],[Atividade '[*']]]="",TB_ATIVIDADES[[#This Row],[Fase '[*']]]=""),"-",SUMIF(TB_TAREFAS[Atividade '[*']],TB_ATIVIDADES[[#This Row],[Atividade '[*']]],TB_TAREFAS[Previsão Esforço (min) '[*']])) -> 145 | Q17: =IF(OR(TB_ATIVIDADES[[#This Row],[Atividade '[*']]]="",TB_ATIVIDADES[[#This Row],[Fase '[*']]]=""),"-",_xlfn.LET(_xlpm.esforçoRealizado,SUMIFS(TB_TAREFAS[Previsão Esforço (min) '[*']],TB_TAREFAS[Atividade '[*']],TB_ATIVIDADES[[#This Row],[Atividade '[*']]],TB_TAREFAS[Situação da Execução '[*']],"CONCLUÍDA")+SUMIFS(TB_TAREFAS[Previsão Esforço (min) '[*']],TB_TAREFAS[Atividade '[*']],TB_ATIVIDADES[[#This Row],[Atividade '[*']]],TB_TAREFAS[Situação da Execução '[*']],"DESNECESSÁRIA"),TB_ATIVIDADES[[#This Row],[Esforço Total (min) '[=']]]-_xlpm.esforçoRealizado & IF(TB_ATIVIDADES[[#This Row],[Esforço Total (min) '[=']]]=0,""," (" & TEXT((TB_ATIVIDADES[[#This Row],[Esforço Total (min) '[=']]]-_xlpm.esforçoRealizado) / TB_ATIVIDADES[[#This Row],[Esforço Total (min) '[=']]],"0,0%") & ")"))) -> 145 (100,0%) | R17: =IF(OR(TB_ATIVIDADES[[#This Row],[Atividade '[*']]]="",TB_ATIVIDADES[[#This Row],[Fase '[*']]]=""),"-",_xlfn.LET(_xlpm.dataMin,_xlfn.MINIFS(TB_TAREFAS[Previsão Início '[*']],TB_TAREFAS[Atividade '[*']],TB_ATIVIDADES[[#This Row],[Atividade '[*']]]),IF(_xlpm.dataMin=0,"-",_xlpm.dataMin))) -> 46087 | S17: =IF(OR(TB_ATIVIDADES[[#This Row],[Atividade '[*']]]="",TB_ATIVIDADES[[#This Row],[Fase '[*']]]=""),"-",_xlfn.LET(_xlpm.dataMax,_xlfn.MAXIFS(TB_TAREFAS[Previsão Conclusão '[*']],TB_TAREFAS[Atividade '[*']],TB_ATIVIDADES[[#This Row],[Atividade '[*']]]),IF(_xlpm.dataMax=0,"-",_xlpm.dataMax))) -> 46087 | T17: =IF(OR(TB_ATIVIDADES[[#This Row],[Atividade '[*']]]="",TB_ATIVIDADES[[#This Row],[Fase '[*']]]=""),"-",IF(TB_ATIVIDADES[[#This Row],[Total Tarefas '[=']]]=0,"-",_xlfn.LET(_xlpm.totItensNaoConcluidos,COUNTIFS(TB_TAREFAS[Atividade '[*']],TB_ATIVIDADES[[#This Row],[Atividade '[*']]],TB_TAREFAS[Situação da Execução '[*']],"<>" & "CONCLUÍDA",TB_TAREFAS[Situação da Execução '[*']],"<>" & "DESNECESSÁRIA"),_xlpm.totItensConcluidos,TB_ATIVIDADES[[#This Row],[Total Tarefas '[=']]]-_xlpm.totItensNaoConcluidos,_xlpm.totItensNaoIniciados,COUNTIFS(TB_TAREFAS[Atividade '[*']],TB_ATIVIDADES[[#This Row],[Atividade '[*']]],TB_TAREFAS[Situação da Execução '[*']],"NÃO INICIADA"),IF(_xlpm.totItensConcluidos=TB_ATIVIDADES[[#This Row],[Total Tarefas '[=']]],"CONCLUÍDA",IF(_xlpm.totItensNaoIniciados=TB_ATIVIDADES[[#This Row],[Total Tarefas '[=']]],IF(AND(DATE(YEAR(NOW()),MONTH(NOW()),DAY(NOW())) > IFERROR(DATE(YEAR(TB_ATIVIDADES[[#This Row],[Previsão Início '[=']]]),MONTH(TB_ATIVIDADES[[#This Row],[Previsão Início '[=']]]),DAY(TB_ATIVIDADES[[#This Row],[Previsão Início '[=']]])),FALSE)),"INÍCIO COM ATRASO","NÃO INICIADA"),IF(AND(DATE(YEAR(NOW()),MONTH(NOW()),DAY(NOW())) > IFERROR(DATE(YEAR(TB_ATIVIDADES[[#This Row],[Previsão Conclusão '[=']]]),MONTH(TB_ATIVIDADES[[#This Row],[Previsão Conclusão '[=']]]),DAY(TB_ATIVIDADES[[#This Row],[Previsão Conclusão '[=']]])),FALSE)),"CONCLUSÃO COM ATRASO","EM ANDAMENTO")))))) -> INÍCIO COM ATRASO
C18: =IF(TB_FASES[[#This Row],[Fase '[*']]]="","-",COUNTIF(TB_ATIVIDADES[Fase '[*']],TB_FASES[[#This Row],[Fase '[*']]])) -> - | D18: =IF(TB_FASES[[#This Row],[Fase '[*']]]="","-",SUMIF(TB_ATIVIDADES[Fase '[*']],TB_FASES[[#This Row],[Fase '[*']]],TB_ATIVIDADES[Total Tarefas '[=']])) -> - | E18: =IF(TB_FASES[[#This Row],[Fase '[*']]]="","-",_xlfn.LET(_xlpm.tot,COUNTIFS(TB_ATIVIDADES[Fase '[*']],TB_FASES[[#This Row],[Fase '[*']]],TB_ATIVIDADES[Status '[=']],"<>" & "CONCLUÍDA"),_xlpm.tot & IF(TB_FASES[[#This Row],[Total Atividades '[=']]]=0,""," (" & TEXT(_xlpm.tot/TB_FASES[[#This Row],[Total Atividades '[=']]],"0,0%") & ")"))) -> - | F18: =IF(TB_FASES[[#This Row],[Fase '[*']]]="","-",SUMIF(TB_ATIVIDADES[Fase '[*']],TB_FASES[[#This Row],[Fase '[*']]],TB_ATIVIDADES[Esforço Total (min) '[=']])) -> - | G18: =IF(TB_FASES[[#This Row],[Fase '[*']]]="","-",_xlfn.LET(_xlpm.esforcoRealizado,SUMIFS(TB_TAREFAS[Previsão Esforço (min) '[*']],TB_TAREFAS[Fase '[=']],TB_FASES[[#This Row],[Fase '[*']]],TB_TAREFAS[Situação da Execução '[*']],"CONCLUÍDA"),(TB_FASES[[#This Row],[Esforço Total (min) '[=']]]-_xlpm.esforcoRealizado) & IF(TB_FASES[[#This Row],[Esforço Total (min) '[=']]]>0," ("&TEXT((TB_FASES[[#This Row],[Esforço Total (min) '[=']]]-_xlpm.esforcoRealizado)/TB_FASES[[#This Row],[Esforço Total (min) '[=']]],"0,0%")&")",""))) -> - | H18: =IF(TB_FASES[[#This Row],[Fase '[*']]]="","-",_xlfn.LET(_xlpm.dataMin,_xlfn.MINIFS(TB_ATIVIDADES[Previsão Início '[=']],TB_ATIVIDADES[Fase '[*']],TB_FASES[[#This Row],[Fase '[*']]]),IF(_xlpm.dataMin=DATE(1900,1,0),"Indefinida",_xlpm.dataMin))) -> - | I18: =IF(TB_FASES[[#This Row],[Fase '[*']]]="","-",_xlfn.LET(_xlpm.dataMax,_xlfn.MAXIFS(TB_ATIVIDADES[Previsão Conclusão '[=']],TB_ATIVIDADES[Fase '[*']],TB_FASES[[#This Row],[Fase '[*']]]),IF(_xlpm.dataMax=DATE(1900,1,0),"Indefinida",_xlpm.dataMax))) -> - | J18: =IF(TB_FASES[[#This Row],[Fase '[*']]]="","-",IF(TB_FASES[[#This Row],[Total Atividades '[=']]]=0,"-",_xlfn.LET(_xlpm.totAtivNaoConcluidas,COUNTIFS(TB_ATIVIDADES[Fase '[*']],TB_FASES[[#This Row],[Fase '[*']]],TB_ATIVIDADES[Status '[=']],"<>" & "CONCLUÍDA"),_xlpm.totAtivConcluidas,TB_FASES[[#This Row],[Total Atividades '[=']]]-_xlpm.totAtivNaoConcluidas,_xlpm.totAtivNaoIniciadas,COUNTIFS(TB_ATIVIDADES[Fase '[*']],TB_FASES[[#This Row],[Fase '[*']]],TB_ATIVIDADES[Status '[=']],"NÃO INICIADA")+COUNTIFS(TB_ATIVIDADES[Fase '[*']],TB_FASES[[#This Row],[Fase '[*']]],TB_ATIVIDADES[Status '[=']],"INÍCIO COM ATRASO"),IF(_xlpm.totAtivConcluidas=TB_FASES[[#This Row],[Total Atividades '[=']]],"CONCLUÍDA",IF(_xlpm.totAtivNaoIniciadas=TB_FASES[[#This Row],[Total Atividades '[=']]],IF(AND(DATE(YEAR(NOW()),MONTH(NOW()),DAY(NOW())) > IFERROR(DATE(YEAR(TB_FASES[[#This Row],[Previsão Início '[=']]]),MONTH(TB_FASES[[#This Row],[Previsão Início '[=']]]),DAY(TB_FASES[[#This Row],[Previsão Início '[=']]])),FALSE)),"INICIO COM ATRASO","NÃO INICIADA"),IF(AND(DATE(YEAR(NOW()),MONTH(NOW()),DAY(NOW())) > IFERROR(DATE(YEAR(TB_FASES[[#This Row],[Previsão Conclusão '[=']]]),MONTH(TB_FASES[[#This Row],[Previsão Conclusão '[=']]]),DAY(TB_FASES[[#This Row],[Previsão Conclusão '[=']]])),FALSE)),"CONCLUSÃO COM ATRASO","EM ANDAMENTO")))))) -> - | L18: Desenv. Mdl. Log de Bolão | M18: F1-DESENV | N18: =IF(OR(TB_ATIVIDADES[[#This Row],[Atividade '[*']]]="",TB_ATIVIDADES[[#This Row],[Fase '[*']]]=""),"-",COUNTIF(TB_TAREFAS[Atividade '[*']],TB_ATIVIDADES[[#This Row],[Atividade '[*']]])) -> 5 | O18: =IF(OR(TB_ATIVIDADES[[#This Row],[Atividade '[*']]]="",TB_ATIVIDADES[[#This Row],[Fase '[*']]]=""),"-",_xlfn.LET(_xlpm.tot,COUNTIFS(TB_TAREFAS[Atividade '[*']],TB_ATIVIDADES[[#This Row],[Atividade '[*']]],TB_TAREFAS[Situação da Execução '[*']],"<>" & "CONCLUÍDA",TB_TAREFAS[Situação da Execução '[*']],"<>"&"DESNECESSÁRIA"),_xlpm.tot & IF(TB_ATIVIDADES[[#This Row],[Total Tarefas '[=']]]=0,""," (" & TEXT(_xlpm.tot/TB_ATIVIDADES[[#This Row],[Total Tarefas '[=']]],"0,0%") & ")"))) -> 5 (100,0%) | P18: =IF(OR(TB_ATIVIDADES[[#This Row],[Atividade '[*']]]="",TB_ATIVIDADES[[#This Row],[Fase '[*']]]=""),"-",SUMIF(TB_TAREFAS[Atividade '[*']],TB_ATIVIDADES[[#This Row],[Atividade '[*']]],TB_TAREFAS[Previsão Esforço (min) '[*']])) -> 85 | Q18: =IF(OR(TB_ATIVIDADES[[#This Row],[Atividade '[*']]]="",TB_ATIVIDADES[[#This Row],[Fase '[*']]]=""),"-",_xlfn.LET(_xlpm.esforçoRealizado,SUMIFS(TB_TAREFAS[Previsão Esforço (min) '[*']],TB_TAREFAS[Atividade '[*']],TB_ATIVIDADES[[#This Row],[Atividade '[*']]],TB_TAREFAS[Situação da Execução '[*']],"CONCLUÍDA")+SUMIFS(TB_TAREFAS[Previsão Esforço (min) '[*']],TB_TAREFAS[Atividade '[*']],TB_ATIVIDADES[[#This Row],[Atividade '[*']]],TB_TAREFAS[Situação da Execução '[*']],"DESNECESSÁRIA"),TB_ATIVIDADES[[#This Row],[Esforço Total (min) '[=']]]-_xlpm.esforçoRealizado & IF(TB_ATIVIDADES[[#This Row],[Esforço Total (min) '[=']]]=0,""," (" & TEXT((TB_ATIVIDADES[[#This Row],[Esforço Total (min) '[=']]]-_xlpm.esforçoRealizado) / TB_ATIVIDADES[[#This Row],[Esforço Total (min) '[=']]],"0,0%") & ")"))) -> 85 (100,0%) | R18: =IF(OR(TB_ATIVIDADES[[#This Row],[Atividade '[*']]]="",TB_ATIVIDADES[[#This Row],[Fase '[*']]]=""),"-",_xlfn.LET(_xlpm.dataMin,_xlfn.MINIFS(TB_TAREFAS[Previsão Início '[*']],TB_TAREFAS[Atividade '[*']],TB_ATIVIDADES[[#This Row],[Atividade '[*']]]),IF(_xlpm.dataMin=0,"-",_xlpm.dataMin))) -> 46087 | S18: =IF(OR(TB_ATIVIDADES[[#This Row],[Atividade '[*']]]="",TB_ATIVIDADES[[#This Row],[Fase '[*']]]=""),"-",_xlfn.LET(_xlpm.dataMax,_xlfn.MAXIFS(TB_TAREFAS[Previsão Conclusão '[*']],TB_TAREFAS[Atividade '[*']],TB_ATIVIDADES[[#This Row],[Atividade '[*']]]),IF(_xlpm.dataMax=0,"-",_xlpm.dataMax))) -> 46087 | T18: =IF(OR(TB_ATIVIDADES[[#This Row],[Atividade '[*']]]="",TB_ATIVIDADES[[#This Row],[Fase '[*']]]=""),"-",IF(TB_ATIVIDADES[[#This Row],[Total Tarefas '[=']]]=0,"-",_xlfn.LET(_xlpm.totItensNaoConcluidos,COUNTIFS(TB_TAREFAS[Atividade '[*']],TB_ATIVIDADES[[#This Row],[Atividade '[*']]],TB_TAREFAS[Situação da Execução '[*']],"<>" & "CONCLUÍDA",TB_TAREFAS[Situação da Execução '[*']],"<>" & "DESNECESSÁRIA"),_xlpm.totItensConcluidos,TB_ATIVIDADES[[#This Row],[Total Tarefas '[=']]]-_xlpm.totItensNaoConcluidos,_xlpm.totItensNaoIniciados,COUNTIFS(TB_TAREFAS[Atividade '[*']],TB_ATIVIDADES[[#This Row],[Atividade '[*']]],TB_TAREFAS[Situação da Execução '[*']],"NÃO INICIADA"),IF(_xlpm.totItensConcluidos=TB_ATIVIDADES[[#This Row],[Total Tarefas '[=']]],"CONCLUÍDA",IF(_xlpm.totItensNaoIniciados=TB_ATIVIDADES[[#This Row],[Total Tarefas '[=']]],IF(AND(DATE(YEAR(NOW()),MONTH(NOW()),DAY(NOW())) > IFERROR(DATE(YEAR(TB_ATIVIDADES[[#This Row],[Previsão Início '[=']]]),MONTH(TB_ATIVIDADES[[#This Row],[Previsão Início '[=']]]),DAY(TB_ATIVIDADES[[#This Row],[Previsão Início '[=']]])),FALSE)),"INÍCIO COM ATRASO","NÃO INICIADA"),IF(AND(DATE(YEAR(NOW()),MONTH(NOW()),DAY(NOW())) > IFERROR(DATE(YEAR(TB_ATIVIDADES[[#This Row],[Previsão Conclusão '[=']]]),MONTH(TB_ATIVIDADES[[#This Row],[Previsão Conclusão '[=']]]),DAY(TB_ATIVIDADES[[#This Row],[Previsão Conclusão '[=']]])),FALSE)),"CONCLUSÃO COM ATRASO","EM ANDAMENTO")))))) -> INÍCIO COM ATRASO
C19: =IF(TB_FASES[[#This Row],[Fase '[*']]]="","-",COUNTIF(TB_ATIVIDADES[Fase '[*']],TB_FASES[[#This Row],[Fase '[*']]])) -> - | D19: =IF(TB_FASES[[#This Row],[Fase '[*']]]="","-",SUMIF(TB_ATIVIDADES[Fase '[*']],TB_FASES[[#This Row],[Fase '[*']]],TB_ATIVIDADES[Total Tarefas '[=']])) -> - | E19: =IF(TB_FASES[[#This Row],[Fase '[*']]]="","-",_xlfn.LET(_xlpm.tot,COUNTIFS(TB_ATIVIDADES[Fase '[*']],TB_FASES[[#This Row],[Fase '[*']]],TB_ATIVIDADES[Status '[=']],"<>" & "CONCLUÍDA"),_xlpm.tot & IF(TB_FASES[[#This Row],[Total Atividades '[=']]]=0,""," (" & TEXT(_xlpm.tot/TB_FASES[[#This Row],[Total Atividades '[=']]],"0,0%") & ")"))) -> - | F19: =IF(TB_FASES[[#This Row],[Fase '[*']]]="","-",SUMIF(TB_ATIVIDADES[Fase '[*']],TB_FASES[[#This Row],[Fase '[*']]],TB_ATIVIDADES[Esforço Total (min) '[=']])) -> - | G19: =IF(TB_FASES[[#This Row],[Fase '[*']]]="","-",_xlfn.LET(_xlpm.esforcoRealizado,SUMIFS(TB_TAREFAS[Previsão Esforço (min) '[*']],TB_TAREFAS[Fase '[=']],TB_FASES[[#This Row],[Fase '[*']]],TB_TAREFAS[Situação da Execução '[*']],"CONCLUÍDA"),(TB_FASES[[#This Row],[Esforço Total (min) '[=']]]-_xlpm.esforcoRealizado) & IF(TB_FASES[[#This Row],[Esforço Total (min) '[=']]]>0," ("&TEXT((TB_FASES[[#This Row],[Esforço Total (min) '[=']]]-_xlpm.esforcoRealizado)/TB_FASES[[#This Row],[Esforço Total (min) '[=']]],"0,0%")&")",""))) -> - | H19: =IF(TB_FASES[[#This Row],[Fase '[*']]]="","-",_xlfn.LET(_xlpm.dataMin,_xlfn.MINIFS(TB_ATIVIDADES[Previsão Início '[=']],TB_ATIVIDADES[Fase '[*']],TB_FASES[[#This Row],[Fase '[*']]]),IF(_xlpm.dataMin=DATE(1900,1,0),"Indefinida",_xlpm.dataMin))) -> - | I19: =IF(TB_FASES[[#This Row],[Fase '[*']]]="","-",_xlfn.LET(_xlpm.dataMax,_xlfn.MAXIFS(TB_ATIVIDADES[Previsão Conclusão '[=']],TB_ATIVIDADES[Fase '[*']],TB_FASES[[#This Row],[Fase '[*']]]),IF(_xlpm.dataMax=DATE(1900,1,0),"Indefinida",_xlpm.dataMax))) -> - | J19: =IF(TB_FASES[[#This Row],[Fase '[*']]]="","-",IF(TB_FASES[[#This Row],[Total Atividades '[=']]]=0,"-",_xlfn.LET(_xlpm.totAtivNaoConcluidas,COUNTIFS(TB_ATIVIDADES[Fase '[*']],TB_FASES[[#This Row],[Fase '[*']]],TB_ATIVIDADES[Status '[=']],"<>" & "CONCLUÍDA"),_xlpm.totAtivConcluidas,TB_FASES[[#This Row],[Total Atividades '[=']]]-_xlpm.totAtivNaoConcluidas,_xlpm.totAtivNaoIniciadas,COUNTIFS(TB_ATIVIDADES[Fase '[*']],TB_FASES[[#This Row],[Fase '[*']]],TB_ATIVIDADES[Status '[=']],"NÃO INICIADA")+COUNTIFS(TB_ATIVIDADES[Fase '[*']],TB_FASES[[#This Row],[Fase '[*']]],TB_ATIVIDADES[Status '[=']],"INÍCIO COM ATRASO"),IF(_xlpm.totAtivConcluidas=TB_FASES[[#This Row],[Total Atividades '[=']]],"CONCLUÍDA",IF(_xlpm.totAtivNaoIniciadas=TB_FASES[[#This Row],[Total Atividades '[=']]],IF(AND(DATE(YEAR(NOW()),MONTH(NOW()),DAY(NOW())) > IFERROR(DATE(YEAR(TB_FASES[[#This Row],[Previsão Início '[=']]]),MONTH(TB_FASES[[#This Row],[Previsão Início '[=']]]),DAY(TB_FASES[[#This Row],[Previsão Início '[=']]])),FALSE)),"INICIO COM ATRASO","NÃO INICIADA"),IF(AND(DATE(YEAR(NOW()),MONTH(NOW()),DAY(NOW())) > IFERROR(DATE(YEAR(TB_FASES[[#This Row],[Previsão Conclusão '[=']]]),MONTH(TB_FASES[[#This Row],[Previsão Conclusão '[=']]]),DAY(TB_FASES[[#This Row],[Previsão Conclusão '[=']]])),FALSE)),"CONCLUSÃO COM ATRASO","EM ANDAMENTO")))))) -> - | L19: Desenv. Pg. Preenchimento Bolão F. Grupos | M19: F1-DESENV | N19: =IF(OR(TB_ATIVIDADES[[#This Row],[Atividade '[*']]]="",TB_ATIVIDADES[[#This Row],[Fase '[*']]]=""),"-",COUNTIF(TB_TAREFAS[Atividade '[*']],TB_ATIVIDADES[[#This Row],[Atividade '[*']]])) -> 7 | O19: =IF(OR(TB_ATIVIDADES[[#This Row],[Atividade '[*']]]="",TB_ATIVIDADES[[#This Row],[Fase '[*']]]=""),"-",_xlfn.LET(_xlpm.tot,COUNTIFS(TB_TAREFAS[Atividade '[*']],TB_ATIVIDADES[[#This Row],[Atividade '[*']]],TB_TAREFAS[Situação da Execução '[*']],"<>" & "CONCLUÍDA",TB_TAREFAS[Situação da Execução '[*']],"<>"&"DESNECESSÁRIA"),_xlpm.tot & IF(TB_ATIVIDADES[[#This Row],[Total Tarefas '[=']]]=0,""," (" & TEXT(_xlpm.tot/TB_ATIVIDADES[[#This Row],[Total Tarefas '[=']]],"0,0%") & ")"))) -> 7 (100,0%) | P19: =IF(OR(TB_ATIVIDADES[[#This Row],[Atividade '[*']]]="",TB_ATIVIDADES[[#This Row],[Fase '[*']]]=""),"-",SUMIF(TB_TAREFAS[Atividade '[*']],TB_ATIVIDADES[[#This Row],[Atividade '[*']]],TB_TAREFAS[Previsão Esforço (min) '[*']])) -> 270 | Q19: =IF(OR(TB_ATIVIDADES[[#This Row],[Atividade '[*']]]="",TB_ATIVIDADES[[#This Row],[Fase '[*']]]=""),"-",_xlfn.LET(_xlpm.esforçoRealizado,SUMIFS(TB_TAREFAS[Previsão Esforço (min) '[*']],TB_TAREFAS[Atividade '[*']],TB_ATIVIDADES[[#This Row],[Atividade '[*']]],TB_TAREFAS[Situação da Execução '[*']],"CONCLUÍDA")+SUMIFS(TB_TAREFAS[Previsão Esforço (min) '[*']],TB_TAREFAS[Atividade '[*']],TB_ATIVIDADES[[#This Row],[Atividade '[*']]],TB_TAREFAS[Situação da Execução '[*']],"DESNECESSÁRIA"),TB_ATIVIDADES[[#This Row],[Esforço Total (min) '[=']]]-_xlpm.esforçoRealizado & IF(TB_ATIVIDADES[[#This Row],[Esforço Total (min) '[=']]]=0,""," (" & TEXT((TB_ATIVIDADES[[#This Row],[Esforço Total (min) '[=']]]-_xlpm.esforçoRealizado) / TB_ATIVIDADES[[#This Row],[Esforço Total (min) '[=']]],"0,0%") & ")"))) -> 270 (100,0%) | R19: =IF(OR(TB_ATIVIDADES[[#This Row],[Atividade '[*']]]="",TB_ATIVIDADES[[#This Row],[Fase '[*']]]=""),"-",_xlfn.LET(_xlpm.dataMin,_xlfn.MINIFS(TB_TAREFAS[Previsão Início '[*']],TB_TAREFAS[Atividade '[*']],TB_ATIVIDADES[[#This Row],[Atividade '[*']]]),IF(_xlpm.dataMin=0,"-",_xlpm.dataMin))) -> 46088 | S19: =IF(OR(TB_ATIVIDADES[[#This Row],[Atividade '[*']]]="",TB_ATIVIDADES[[#This Row],[Fase '[*']]]=""),"-",_xlfn.LET(_xlpm.dataMax,_xlfn.MAXIFS(TB_TAREFAS[Previsão Conclusão '[*']],TB_TAREFAS[Atividade '[*']],TB_ATIVIDADES[[#This Row],[Atividade '[*']]]),IF(_xlpm.dataMax=0,"-",_xlpm.dataMax))) -> 46089 | T19: =IF(OR(TB_ATIVIDADES[[#This Row],[Atividade '[*']]]="",TB_ATIVIDADES[[#This Row],[Fase '[*']]]=""),"-",IF(TB_ATIVIDADES[[#This Row],[Total Tarefas '[=']]]=0,"-",_xlfn.LET(_xlpm.totItensNaoConcluidos,COUNTIFS(TB_TAREFAS[Atividade '[*']],TB_ATIVIDADES[[#This Row],[Atividade '[*']]],TB_TAREFAS[Situação da Execução '[*']],"<>" & "CONCLUÍDA",TB_TAREFAS[Situação da Execução '[*']],"<>" & "DESNECESSÁRIA"),_xlpm.totItensConcluidos,TB_ATIVIDADES[[#This Row],[Total Tarefas '[=']]]-_xlpm.totItensNaoConcluidos,_xlpm.totItensNaoIniciados,COUNTIFS(TB_TAREFAS[Atividade '[*']],TB_ATIVIDADES[[#This Row],[Atividade '[*']]],TB_TAREFAS[Situação da Execução '[*']],"NÃO INICIADA"),IF(_xlpm.totItensConcluidos=TB_ATIVIDADES[[#This Row],[Total Tarefas '[=']]],"CONCLUÍDA",IF(_xlpm.totItensNaoIniciados=TB_ATIVIDADES[[#This Row],[Total Tarefas '[=']]],IF(AND(DATE(YEAR(NOW()),MONTH(NOW()),DAY(NOW())) > IFERROR(DATE(YEAR(TB_ATIVIDADES[[#This Row],[Previsão Início '[=']]]),MONTH(TB_ATIVIDADES[[#This Row],[Previsão Início '[=']]]),DAY(TB_ATIVIDADES[[#This Row],[Previsão Início '[=']]])),FALSE)),"INÍCIO COM ATRASO","NÃO INICIADA"),IF(AND(DATE(YEAR(NOW()),MONTH(NOW()),DAY(NOW())) > IFERROR(DATE(YEAR(TB_ATIVIDADES[[#This Row],[Previsão Conclusão '[=']]]),MONTH(TB_ATIVIDADES[[#This Row],[Previsão Conclusão '[=']]]),DAY(TB_ATIVIDADES[[#This Row],[Previsão Conclusão '[=']]])),FALSE)),"CONCLUSÃO COM ATRASO","EM ANDAMENTO")))))) -> INÍCIO COM ATRASO
C20: =IF(TB_FASES[[#This Row],[Fase '[*']]]="","-",COUNTIF(TB_ATIVIDADES[Fase '[*']],TB_FASES[[#This Row],[Fase '[*']]])) -> - | D20: =IF(TB_FASES[[#This Row],[Fase '[*']]]="","-",SUMIF(TB_ATIVIDADES[Fase '[*']],TB_FASES[[#This Row],[Fase '[*']]],TB_ATIVIDADES[Total Tarefas '[=']])) -> - | E20: =IF(TB_FASES[[#This Row],[Fase '[*']]]="","-",_xlfn.LET(_xlpm.tot,COUNTIFS(TB_ATIVIDADES[Fase '[*']],TB_FASES[[#This Row],[Fase '[*']]],TB_ATIVIDADES[Status '[=']],"<>" & "CONCLUÍDA"),_xlpm.tot & IF(TB_FASES[[#This Row],[Total Atividades '[=']]]=0,""," (" & TEXT(_xlpm.tot/TB_FASES[[#This Row],[Total Atividades '[=']]],"0,0%") & ")"))) -> - | F20: =IF(TB_FASES[[#This Row],[Fase '[*']]]="","-",SUMIF(TB_ATIVIDADES[Fase '[*']],TB_FASES[[#This Row],[Fase '[*']]],TB_ATIVIDADES[Esforço Total (min) '[=']])) -> - | G20: =IF(TB_FASES[[#This Row],[Fase '[*']]]="","-",_xlfn.LET(_xlpm.esforcoRealizado,SUMIFS(TB_TAREFAS[Previsão Esforço (min) '[*']],TB_TAREFAS[Fase '[=']],TB_FASES[[#This Row],[Fase '[*']]],TB_TAREFAS[Situação da Execução '[*']],"CONCLUÍDA"),(TB_FASES[[#This Row],[Esforço Total (min) '[=']]]-_xlpm.esforcoRealizado) & IF(TB_FASES[[#This Row],[Esforço Total (min) '[=']]]>0," ("&TEXT((TB_FASES[[#This Row],[Esforço Total (min) '[=']]]-_xlpm.esforcoRealizado)/TB_FASES[[#This Row],[Esforço Total (min) '[=']]],"0,0%")&")",""))) -> - | H20: =IF(TB_FASES[[#This Row],[Fase '[*']]]="","-",_xlfn.LET(_xlpm.dataMin,_xlfn.MINIFS(TB_ATIVIDADES[Previsão Início '[=']],TB_ATIVIDADES[Fase '[*']],TB_FASES[[#This Row],[Fase '[*']]]),IF(_xlpm.dataMin=DATE(1900,1,0),"Indefinida",_xlpm.dataMin))) -> - | I20: =IF(TB_FASES[[#This Row],[Fase '[*']]]="","-",_xlfn.LET(_xlpm.dataMax,_xlfn.MAXIFS(TB_ATIVIDADES[Previsão Conclusão '[=']],TB_ATIVIDADES[Fase '[*']],TB_FASES[[#This Row],[Fase '[*']]]),IF(_xlpm.dataMax=DATE(1900,1,0),"Indefinida",_xlpm.dataMax))) -> - | J20: =IF(TB_FASES[[#This Row],[Fase '[*']]]="","-",IF(TB_FASES[[#This Row],[Total Atividades '[=']]]=0,"-",_xlfn.LET(_xlpm.totAtivNaoConcluidas,COUNTIFS(TB_ATIVIDADES[Fase '[*']],TB_FASES[[#This Row],[Fase '[*']]],TB_ATIVIDADES[Status '[=']],"<>" & "CONCLUÍDA"),_xlpm.totAtivConcluidas,TB_FASES[[#This Row],[Total Atividades '[=']]]-_xlpm.totAtivNaoConcluidas,_xlpm.totAtivNaoIniciadas,COUNTIFS(TB_ATIVIDADES[Fase '[*']],TB_FASES[[#This Row],[Fase '[*']]],TB_ATIVIDADES[Status '[=']],"NÃO INICIADA")+COUNTIFS(TB_ATIVIDADES[Fase '[*']],TB_FASES[[#This Row],[Fase '[*']]],TB_ATIVIDADES[Status '[=']],"INÍCIO COM ATRASO"),IF(_xlpm.totAtivConcluidas=TB_FASES[[#This Row],[Total Atividades '[=']]],"CONCLUÍDA",IF(_xlpm.totAtivNaoIniciadas=TB_FASES[[#This Row],[Total Atividades '[=']]],IF(AND(DATE(YEAR(NOW()),MONTH(NOW()),DAY(NOW())) > IFERROR(DATE(YEAR(TB_FASES[[#This Row],[Previsão Início '[=']]]),MONTH(TB_FASES[[#This Row],[Previsão Início '[=']]]),DAY(TB_FASES[[#This Row],[Previsão Início '[=']]])),FALSE)),"INICIO COM ATRASO","NÃO INICIADA"),IF(AND(DATE(YEAR(NOW()),MONTH(NOW()),DAY(NOW())) > IFERROR(DATE(YEAR(TB_FASES[[#This Row],[Previsão Conclusão '[=']]]),MONTH(TB_FASES[[#This Row],[Previsão Conclusão '[=']]]),DAY(TB_FASES[[#This Row],[Previsão Conclusão '[=']]])),FALSE)),"CONCLUSÃO COM ATRASO","EM ANDAMENTO")))))) -> - | L20: Desenv. Mdl. Desempate F. Grupos | M20: F1-DESENV | N20: =IF(OR(TB_ATIVIDADES[[#This Row],[Atividade '[*']]]="",TB_ATIVIDADES[[#This Row],[Fase '[*']]]=""),"-",COUNTIF(TB_TAREFAS[Atividade '[*']],TB_ATIVIDADES[[#This Row],[Atividade '[*']]])) -> 1 | O20: =IF(OR(TB_ATIVIDADES[[#This Row],[Atividade '[*']]]="",TB_ATIVIDADES[[#This Row],[Fase '[*']]]=""),"-",_xlfn.LET(_xlpm.tot,COUNTIFS(TB_TAREFAS[Atividade '[*']],TB_ATIVIDADES[[#This Row],[Atividade '[*']]],TB_TAREFAS[Situação da Execução '[*']],"<>" & "CONCLUÍDA",TB_TAREFAS[Situação da Execução '[*']],"<>"&"DESNECESSÁRIA"),_xlpm.tot & IF(TB_ATIVIDADES[[#This Row],[Total Tarefas '[=']]]=0,""," (" & TEXT(_xlpm.tot/TB_ATIVIDADES[[#This Row],[Total Tarefas '[=']]],"0,0%") & ")"))) -> 1 (100,0%) | P20: =IF(OR(TB_ATIVIDADES[[#This Row],[Atividade '[*']]]="",TB_ATIVIDADES[[#This Row],[Fase '[*']]]=""),"-",SUMIF(TB_TAREFAS[Atividade '[*']],TB_ATIVIDADES[[#This Row],[Atividade '[*']]],TB_TAREFAS[Previsão Esforço (min) '[*']])) -> 40 | Q20: =IF(OR(TB_ATIVIDADES[[#This Row],[Atividade '[*']]]="",TB_ATIVIDADES[[#This Row],[Fase '[*']]]=""),"-",_xlfn.LET(_xlpm.esforçoRealizado,SUMIFS(TB_TAREFAS[Previsão Esforço (min) '[*']],TB_TAREFAS[Atividade '[*']],TB_ATIVIDADES[[#This Row],[Atividade '[*']]],TB_TAREFAS[Situação da Execução '[*']],"CONCLUÍDA")+SUMIFS(TB_TAREFAS[Previsão Esforço (min) '[*']],TB_TAREFAS[Atividade '[*']],TB_ATIVIDADES[[#This Row],[Atividade '[*']]],TB_TAREFAS[Situação da Execução '[*']],"DESNECESSÁRIA"),TB_ATIVIDADES[[#This Row],[Esforço Total (min) '[=']]]-_xlpm.esforçoRealizado & IF(TB_ATIVIDADES[[#This Row],[Esforço Total (min) '[=']]]=0,""," (" & TEXT((TB_ATIVIDADES[[#This Row],[Esforço Total (min) '[=']]]-_xlpm.esforçoRealizado) / TB_ATIVIDADES[[#This Row],[Esforço Total (min) '[=']]],"0,0%") & ")"))) -> 40 (100,0%) | R20: =IF(OR(TB_ATIVIDADES[[#This Row],[Atividade '[*']]]="",TB_ATIVIDADES[[#This Row],[Fase '[*']]]=""),"-",_xlfn.LET(_xlpm.dataMin,_xlfn.MINIFS(TB_TAREFAS[Previsão Início '[*']],TB_TAREFAS[Atividade '[*']],TB_ATIVIDADES[[#This Row],[Atividade '[*']]]),IF(_xlpm.dataMin=0,"-",_xlpm.dataMin))) -> 46089 | S20: =IF(OR(TB_ATIVIDADES[[#This Row],[Atividade '[*']]]="",TB_ATIVIDADES[[#This Row],[Fase '[*']]]=""),"-",_xlfn.LET(_xlpm.dataMax,_xlfn.MAXIFS(TB_TAREFAS[Previsão Conclusão '[*']],TB_TAREFAS[Atividade '[*']],TB_ATIVIDADES[[#This Row],[Atividade '[*']]]),IF(_xlpm.dataMax=0,"-",_xlpm.dataMax))) -> 46089 | T20: =IF(OR(TB_ATIVIDADES[[#This Row],[Atividade '[*']]]="",TB_ATIVIDADES[[#This Row],[Fase '[*']]]=""),"-",IF(TB_ATIVIDADES[[#This Row],[Total Tarefas '[=']]]=0,"-",_xlfn.LET(_xlpm.totItensNaoConcluidos,COUNTIFS(TB_TAREFAS[Atividade '[*']],TB_ATIVIDADES[[#This Row],[Atividade '[*']]],TB_TAREFAS[Situação da Execução '[*']],"<>" & "CONCLUÍDA",TB_TAREFAS[Situação da Execução '[*']],"<>" & "DESNECESSÁRIA"),_xlpm.totItensConcluidos,TB_ATIVIDADES[[#This Row],[Total Tarefas '[=']]]-_xlpm.totItensNaoConcluidos,_xlpm.totItensNaoIniciados,COUNTIFS(TB_TAREFAS[Atividade '[*']],TB_ATIVIDADES[[#This Row],[Atividade '[*']]],TB_TAREFAS[Situação da Execução '[*']],"NÃO INICIADA"),IF(_xlpm.totItensConcluidos=TB_ATIVIDADES[[#This Row],[Total Tarefas '[=']]],"CONCLUÍDA",IF(_xlpm.totItensNaoIniciados=TB_ATIVIDADES[[#This Row],[Total Tarefas '[=']]],IF(AND(DATE(YEAR(NOW()),MONTH(NOW()),DAY(NOW())) > IFERROR(DATE(YEAR(TB_ATIVIDADES[[#This Row],[Previsão Início '[=']]]),MONTH(TB_ATIVIDADES[[#This Row],[Previsão Início '[=']]]),DAY(TB_ATIVIDADES[[#This Row],[Previsão Início '[=']]])),FALSE)),"INÍCIO COM ATRASO","NÃO INICIADA"),IF(AND(DATE(YEAR(NOW()),MONTH(NOW()),DAY(NOW())) > IFERROR(DATE(YEAR(TB_ATIVIDADES[[#This Row],[Previsão Conclusão '[=']]]),MONTH(TB_ATIVIDADES[[#This Row],[Previsão Conclusão '[=']]]),DAY(TB_ATIVIDADES[[#This Row],[Previsão Conclusão '[=']]])),FALSE)),"CONCLUSÃO COM ATRASO","EM ANDAMENTO")))))) -> INÍCIO COM ATRASO
C21: =IF(TB_FASES[[#This Row],[Fase '[*']]]="","-",COUNTIF(TB_ATIVIDADES[Fase '[*']],TB_FASES[[#This Row],[Fase '[*']]])) -> - | D21: =IF(TB_FASES[[#This Row],[Fase '[*']]]="","-",SUMIF(TB_ATIVIDADES[Fase '[*']],TB_FASES[[#This Row],[Fase '[*']]],TB_ATIVIDADES[Total Tarefas '[=']])) -> - | E21: =IF(TB_FASES[[#This Row],[Fase '[*']]]="","-",_xlfn.LET(_xlpm.tot,COUNTIFS(TB_ATIVIDADES[Fase '[*']],TB_FASES[[#This Row],[Fase '[*']]],TB_ATIVIDADES[Status '[=']],"<>" & "CONCLUÍDA"),_xlpm.tot & IF(TB_FASES[[#This Row],[Total Atividades '[=']]]=0,""," (" & TEXT(_xlpm.tot/TB_FASES[[#This Row],[Total Atividades '[=']]],"0,0%") & ")"))) -> - | F21: =IF(TB_FASES[[#This Row],[Fase '[*']]]="","-",SUMIF(TB_ATIVIDADES[Fase '[*']],TB_FASES[[#This Row],[Fase '[*']]],TB_ATIVIDADES[Esforço Total (min) '[=']])) -> - | G21: =IF(TB_FASES[[#This Row],[Fase '[*']]]="","-",_xlfn.LET(_xlpm.esforcoRealizado,SUMIFS(TB_TAREFAS[Previsão Esforço (min) '[*']],TB_TAREFAS[Fase '[=']],TB_FASES[[#This Row],[Fase '[*']]],TB_TAREFAS[Situação da Execução '[*']],"CONCLUÍDA"),(TB_FASES[[#This Row],[Esforço Total (min) '[=']]]-_xlpm.esforcoRealizado) & IF(TB_FASES[[#This Row],[Esforço Total (min) '[=']]]>0," ("&TEXT((TB_FASES[[#This Row],[Esforço Total (min) '[=']]]-_xlpm.esforcoRealizado)/TB_FASES[[#This Row],[Esforço Total (min) '[=']]],"0,0%")&")",""))) -> - | H21: =IF(TB_FASES[[#This Row],[Fase '[*']]]="","-",_xlfn.LET(_xlpm.dataMin,_xlfn.MINIFS(TB_ATIVIDADES[Previsão Início '[=']],TB_ATIVIDADES[Fase '[*']],TB_FASES[[#This Row],[Fase '[*']]]),IF(_xlpm.dataMin=DATE(1900,1,0),"Indefinida",_xlpm.dataMin))) -> - | I21: =IF(TB_FASES[[#This Row],[Fase '[*']]]="","-",_xlfn.LET(_xlpm.dataMax,_xlfn.MAXIFS(TB_ATIVIDADES[Previsão Conclusão '[=']],TB_ATIVIDADES[Fase '[*']],TB_FASES[[#This Row],[Fase '[*']]]),IF(_xlpm.dataMax=DATE(1900,1,0),"Indefinida",_xlpm.dataMax))) -> - | J21: =IF(TB_FASES[[#This Row],[Fase '[*']]]="","-",IF(TB_FASES[[#This Row],[Total Atividades '[=']]]=0,"-",_xlfn.LET(_xlpm.totAtivNaoConcluidas,COUNTIFS(TB_ATIVIDADES[Fase '[*']],TB_FASES[[#This Row],[Fase '[*']]],TB_ATIVIDADES[Status '[=']],"<>" & "CONCLUÍDA"),_xlpm.totAtivConcluidas,TB_FASES[[#This Row],[Total Atividades '[=']]]-_xlpm.totAtivNaoConcluidas,_xlpm.totAtivNaoIniciadas,COUNTIFS(TB_ATIVIDADES[Fase '[*']],TB_FASES[[#This Row],[Fase '[*']]],TB_ATIVIDADES[Status '[=']],"NÃO INICIADA")+COUNTIFS(TB_ATIVIDADES[Fase '[*']],TB_FASES[[#This Row],[Fase '[*']]],TB_ATIVIDADES[Status '[=']],"INÍCIO COM ATRASO"),IF(_xlpm.totAtivConcluidas=TB_FASES[[#This Row],[Total Atividades '[=']]],"CONCLUÍDA",IF(_xlpm.totAtivNaoIniciadas=TB_FASES[[#This Row],[Total Atividades '[=']]],IF(AND(DATE(YEAR(NOW()),MONTH(NOW()),DAY(NOW())) > IFERROR(DATE(YEAR(TB_FASES[[#This Row],[Previsão Início '[=']]]),MONTH(TB_FASES[[#This Row],[Previsão Início '[=']]]),DAY(TB_FASES[[#This Row],[Previsão Início '[=']]])),FALSE)),"INICIO COM ATRASO","NÃO INICIADA"),IF(AND(DATE(YEAR(NOW()),MONTH(NOW()),DAY(NOW())) > IFERROR(DATE(YEAR(TB_FASES[[#This Row],[Previsão Conclusão '[=']]]),MONTH(TB_FASES[[#This Row],[Previsão Conclusão '[=']]]),DAY(TB_FASES[[#This Row],[Previsão Conclusão '[=']]])),FALSE)),"CONCLUSÃO COM ATRASO","EM ANDAMENTO")))))) -> - | L21: Desenv. Pg. Preenchimento Bolão F. Mata-mata | M21: F1-DESENV | N21: =IF(OR(TB_ATIVIDADES[[#This Row],[Atividade '[*']]]="",TB_ATIVIDADES[[#This Row],[Fase '[*']]]=""),"-",COUNTIF(TB_TAREFAS[Atividade '[*']],TB_ATIVIDADES[[#This Row],[Atividade '[*']]])) -> 6 | O21: =IF(OR(TB_ATIVIDADES[[#This Row],[Atividade '[*']]]="",TB_ATIVIDADES[[#This Row],[Fase '[*']]]=""),"-",_xlfn.LET(_xlpm.tot,COUNTIFS(TB_TAREFAS[Atividade '[*']],TB_ATIVIDADES[[#This Row],[Atividade '[*']]],TB_TAREFAS[Situação da Execução '[*']],"<>" & "CONCLUÍDA",TB_TAREFAS[Situação da Execução '[*']],"<>"&"DESNECESSÁRIA"),_xlpm.tot & IF(TB_ATIVIDADES[[#This Row],[Total Tarefas '[=']]]=0,""," (" & TEXT(_xlpm.tot/TB_ATIVIDADES[[#This Row],[Total Tarefas '[=']]],"0,0%") & ")"))) -> 6 (100,0%) | P21: =IF(OR(TB_ATIVIDADES[[#This Row],[Atividade '[*']]]="",TB_ATIVIDADES[[#This Row],[Fase '[*']]]=""),"-",SUMIF(TB_TAREFAS[Atividade '[*']],TB_ATIVIDADES[[#This Row],[Atividade '[*']]],TB_TAREFAS[Previsão Esforço (min) '[*']])) -> 250 | Q21: =IF(OR(TB_ATIVIDADES[[#This Row],[Atividade '[*']]]="",TB_ATIVIDADES[[#This Row],[Fase '[*']]]=""),"-",_xlfn.LET(_xlpm.esforçoRealizado,SUMIFS(TB_TAREFAS[Previsão Esforço (min) '[*']],TB_TAREFAS[Atividade '[*']],TB_ATIVIDADES[[#This Row],[Atividade '[*']]],TB_TAREFAS[Situação da Execução '[*']],"CONCLUÍDA")+SUMIFS(TB_TAREFAS[Previsão Esforço (min) '[*']],TB_TAREFAS[Atividade '[*']],TB_ATIVIDADES[[#This Row],[Atividade '[*']]],TB_TAREFAS[Situação da Execução '[*']],"DESNECESSÁRIA"),TB_ATIVIDADES[[#This Row],[Esforço Total (min) '[=']]]-_xlpm.esforçoRealizado & IF(TB_ATIVIDADES[[#This Row],[Esforço Total (min) '[=']]]=0,""," (" & TEXT((TB_ATIVIDADES[[#This Row],[Esforço Total (min) '[=']]]-_xlpm.esforçoRealizado) / TB_ATIVIDADES[[#This Row],[Esforço Total (min) '[=']]],"0,0%") & ")"))) -> 250 (100,0%) | R21: =IF(OR(TB_ATIVIDADES[[#This Row],[Atividade '[*']]]="",TB_ATIVIDADES[[#This Row],[Fase '[*']]]=""),"-",_xlfn.LET(_xlpm.dataMin,_xlfn.MINIFS(TB_TAREFAS[Previsão Início '[*']],TB_TAREFAS[Atividade '[*']],TB_ATIVIDADES[[#This Row],[Atividade '[*']]]),IF(_xlpm.dataMin=0,"-",_xlpm.dataMin))) -> 46089 | S21: =IF(OR(TB_ATIVIDADES[[#This Row],[Atividade '[*']]]="",TB_ATIVIDADES[[#This Row],[Fase '[*']]]=""),"-",_xlfn.LET(_xlpm.dataMax,_xlfn.MAXIFS(TB_TAREFAS[Previsão Conclusão '[*']],TB_TAREFAS[Atividade '[*']],TB_ATIVIDADES[[#This Row],[Atividade '[*']]]),IF(_xlpm.dataMax=0,"-",_xlpm.dataMax))) -> 46090 | T21: =IF(OR(TB_ATIVIDADES[[#This Row],[Atividade '[*']]]="",TB_ATIVIDADES[[#This Row],[Fase '[*']]]=""),"-",IF(TB_ATIVIDADES[[#This Row],[Total Tarefas '[=']]]=0,"-",_xlfn.LET(_xlpm.totItensNaoConcluidos,COUNTIFS(TB_TAREFAS[Atividade '[*']],TB_ATIVIDADES[[#This Row],[Atividade '[*']]],TB_TAREFAS[Situação da Execução '[*']],"<>" & "CONCLUÍDA",TB_TAREFAS[Situação da Execução '[*']],"<>" & "DESNECESSÁRIA"),_xlpm.totItensConcluidos,TB_ATIVIDADES[[#This Row],[Total Tarefas '[=']]]-_xlpm.totItensNaoConcluidos,_xlpm.totItensNaoIniciados,COUNTIFS(TB_TAREFAS[Atividade '[*']],TB_ATIVIDADES[[#This Row],[Atividade '[*']]],TB_TAREFAS[Situação da Execução '[*']],"NÃO INICIADA"),IF(_xlpm.totItensConcluidos=TB_ATIVIDADES[[#This Row],[Total Tarefas '[=']]],"CONCLUÍDA",IF(_xlpm.totItensNaoIniciados=TB_ATIVIDADES[[#This Row],[Total Tarefas '[=']]],IF(AND(DATE(YEAR(NOW()),MONTH(NOW()),DAY(NOW())) > IFERROR(DATE(YEAR(TB_ATIVIDADES[[#This Row],[Previsão Início '[=']]]),MONTH(TB_ATIVIDADES[[#This Row],[Previsão Início '[=']]]),DAY(TB_ATIVIDADES[[#This Row],[Previsão Início '[=']]])),FALSE)),"INÍCIO COM ATRASO","NÃO INICIADA"),IF(AND(DATE(YEAR(NOW()),MONTH(NOW()),DAY(NOW())) > IFERROR(DATE(YEAR(TB_ATIVIDADES[[#This Row],[Previsão Conclusão '[=']]]),MONTH(TB_ATIVIDADES[[#This Row],[Previsão Conclusão '[=']]]),DAY(TB_ATIVIDADES[[#This Row],[Previsão Conclusão '[=']]])),FALSE)),"CONCLUSÃO COM ATRASO","EM ANDAMENTO")))))) -> INÍCIO COM ATRASO
C22: =IF(TB_FASES[[#This Row],[Fase '[*']]]="","-",COUNTIF(TB_ATIVIDADES[Fase '[*']],TB_FASES[[#This Row],[Fase '[*']]])) -> - | D22: =IF(TB_FASES[[#This Row],[Fase '[*']]]="","-",SUMIF(TB_ATIVIDADES[Fase '[*']],TB_FASES[[#This Row],[Fase '[*']]],TB_ATIVIDADES[Total Tarefas '[=']])) -> - | E22: =IF(TB_FASES[[#This Row],[Fase '[*']]]="","-",_xlfn.LET(_xlpm.tot,COUNTIFS(TB_ATIVIDADES[Fase '[*']],TB_FASES[[#This Row],[Fase '[*']]],TB_ATIVIDADES[Status '[=']],"<>" & "CONCLUÍDA"),_xlpm.tot & IF(TB_FASES[[#This Row],[Total Atividades '[=']]]=0,""," (" & TEXT(_xlpm.tot/TB_FASES[[#This Row],[Total Atividades '[=']]],"0,0%") & ")"))) -> - | F22: =IF(TB_FASES[[#This Row],[Fase '[*']]]="","-",SUMIF(TB_ATIVIDADES[Fase '[*']],TB_FASES[[#This Row],[Fase '[*']]],TB_ATIVIDADES[Esforço Total (min) '[=']])) -> - | G22: =IF(TB_FASES[[#This Row],[Fase '[*']]]="","-",_xlfn.LET(_xlpm.esforcoRealizado,SUMIFS(TB_TAREFAS[Previsão Esforço (min) '[*']],TB_TAREFAS[Fase '[=']],TB_FASES[[#This Row],[Fase '[*']]],TB_TAREFAS[Situação da Execução '[*']],"CONCLUÍDA"),(TB_FASES[[#This Row],[Esforço Total (min) '[=']]]-_xlpm.esforcoRealizado) & IF(TB_FASES[[#This Row],[Esforço Total (min) '[=']]]>0," ("&TEXT((TB_FASES[[#This Row],[Esforço Total (min) '[=']]]-_xlpm.esforcoRealizado)/TB_FASES[[#This Row],[Esforço Total (min) '[=']]],"0,0%")&")",""))) -> - | H22: =IF(TB_FASES[[#This Row],[Fase '[*']]]="","-",_xlfn.LET(_xlpm.dataMin,_xlfn.MINIFS(TB_ATIVIDADES[Previsão Início '[=']],TB_ATIVIDADES[Fase '[*']],TB_FASES[[#This Row],[Fase '[*']]]),IF(_xlpm.dataMin=DATE(1900,1,0),"Indefinida",_xlpm.dataMin))) -> - | I22: =IF(TB_FASES[[#This Row],[Fase '[*']]]="","-",_xlfn.LET(_xlpm.dataMax,_xlfn.MAXIFS(TB_ATIVIDADES[Previsão Conclusão '[=']],TB_ATIVIDADES[Fase '[*']],TB_FASES[[#This Row],[Fase '[*']]]),IF(_xlpm.dataMax=DATE(1900,1,0),"Indefinida",_xlpm.dataMax))) -> - | J22: =IF(TB_FASES[[#This Row],[Fase '[*']]]="","-",IF(TB_FASES[[#This Row],[Total Atividades '[=']]]=0,"-",_xlfn.LET(_xlpm.totAtivNaoConcluidas,COUNTIFS(TB_ATIVIDADES[Fase '[*']],TB_FASES[[#This Row],[Fase '[*']]],TB_ATIVIDADES[Status '[=']],"<>" & "CONCLUÍDA"),_xlpm.totAtivConcluidas,TB_FASES[[#This Row],[Total Atividades '[=']]]-_xlpm.totAtivNaoConcluidas,_xlpm.totAtivNaoIniciadas,COUNTIFS(TB_ATIVIDADES[Fase '[*']],TB_FASES[[#This Row],[Fase '[*']]],TB_ATIVIDADES[Status '[=']],"NÃO INICIADA")+COUNTIFS(TB_ATIVIDADES[Fase '[*']],TB_FASES[[#This Row],[Fase '[*']]],TB_ATIVIDADES[Status '[=']],"INÍCIO COM ATRASO"),IF(_xlpm.totAtivConcluidas=TB_FASES[[#This Row],[Total Atividades '[=']]],"CONCLUÍDA",IF(_xlpm.totAtivNaoIniciadas=TB_FASES[[#This Row],[Total Atividades '[=']]],IF(AND(DATE(YEAR(NOW()),MONTH(NOW()),DAY(NOW())) > IFERROR(DATE(YEAR(TB_FASES[[#This Row],[Previsão Início '[=']]]),MONTH(TB_FASES[[#This Row],[Previsão Início '[=']]]),DAY(TB_FASES[[#This Row],[Previsão Início '[=']]])),FALSE)),"INICIO COM ATRASO","NÃO INICIADA"),IF(AND(DATE(YEAR(NOW()),MONTH(NOW()),DAY(NOW())) > IFERROR(DATE(YEAR(TB_FASES[[#This Row],[Previsão Conclusão '[=']]]),MONTH(TB_FASES[[#This Row],[Previsão Conclusão '[=']]]),DAY(TB_FASES[[#This Row],[Previsão Conclusão '[=']]])),FALSE)),"CONCLUSÃO COM ATRASO","EM ANDAMENTO")))))) -> - | L22: Desenv. Mdl. Desempate F. Mata-mata | M22: F1-DESENV | N22: =IF(OR(TB_ATIVIDADES[[#This Row],[Atividade '[*']]]="",TB_ATIVIDADES[[#This Row],[Fase '[*']]]=""),"-",COUNTIF(TB_TAREFAS[Atividade '[*']],TB_ATIVIDADES[[#This Row],[Atividade '[*']]])) -> 1 | O22: =IF(OR(TB_ATIVIDADES[[#This Row],[Atividade '[*']]]="",TB_ATIVIDADES[[#This Row],[Fase '[*']]]=""),"-",_xlfn.LET(_xlpm.tot,COUNTIFS(TB_TAREFAS[Atividade '[*']],TB_ATIVIDADES[[#This Row],[Atividade '[*']]],TB_TAREFAS[Situação da Execução '[*']],"<>" & "CONCLUÍDA",TB_TAREFAS[Situação da Execução '[*']],"<>"&"DESNECESSÁRIA"),_xlpm.tot & IF(TB_ATIVIDADES[[#This Row],[Total Tarefas '[=']]]=0,""," (" & TEXT(_xlpm.tot/TB_ATIVIDADES[[#This Row],[Total Tarefas '[=']]],"0,0%") & ")"))) -> 1 (100,0%) | P22: =IF(OR(TB_ATIVIDADES[[#This Row],[Atividade '[*']]]="",TB_ATIVIDADES[[#This Row],[Fase '[*']]]=""),"-",SUMIF(TB_TAREFAS[Atividade '[*']],TB_ATIVIDADES[[#This Row],[Atividade '[*']]],TB_TAREFAS[Previsão Esforço (min) '[*']])) -> 40 | Q22: =IF(OR(TB_ATIVIDADES[[#This Row],[Atividade '[*']]]="",TB_ATIVIDADES[[#This Row],[Fase '[*']]]=""),"-",_xlfn.LET(_xlpm.esforçoRealizado,SUMIFS(TB_TAREFAS[Previsão Esforço (min) '[*']],TB_TAREFAS[Atividade '[*']],TB_ATIVIDADES[[#This Row],[Atividade '[*']]],TB_TAREFAS[Situação da Execução '[*']],"CONCLUÍDA")+SUMIFS(TB_TAREFAS[Previsão Esforço (min) '[*']],TB_TAREFAS[Atividade '[*']],TB_ATIVIDADES[[#This Row],[Atividade '[*']]],TB_TAREFAS[Situação da Execução '[*']],"DESNECESSÁRIA"),TB_ATIVIDADES[[#This Row],[Esforço Total (min) '[=']]]-_xlpm.esforçoRealizado & IF(TB_ATIVIDADES[[#This Row],[Esforço Total (min) '[=']]]=0,""," (" & TEXT((TB_ATIVIDADES[[#This Row],[Esforço Total (min) '[=']]]-_xlpm.esforçoRealizado) / TB_ATIVIDADES[[#This Row],[Esforço Total (min) '[=']]],"0,0%") & ")"))) -> 40 (100,0%) | R22: =IF(OR(TB_ATIVIDADES[[#This Row],[Atividade '[*']]]="",TB_ATIVIDADES[[#This Row],[Fase '[*']]]=""),"-",_xlfn.LET(_xlpm.dataMin,_xlfn.MINIFS(TB_TAREFAS[Previsão Início '[*']],TB_TAREFAS[Atividade '[*']],TB_ATIVIDADES[[#This Row],[Atividade '[*']]]),IF(_xlpm.dataMin=0,"-",_xlpm.dataMin))) -> 46090 | S22: =IF(OR(TB_ATIVIDADES[[#This Row],[Atividade '[*']]]="",TB_ATIVIDADES[[#This Row],[Fase '[*']]]=""),"-",_xlfn.LET(_xlpm.dataMax,_xlfn.MAXIFS(TB_TAREFAS[Previsão Conclusão '[*']],TB_TAREFAS[Atividade '[*']],TB_ATIVIDADES[[#This Row],[Atividade '[*']]]),IF(_xlpm.dataMax=0,"-",_xlpm.dataMax))) -> 46090 | T22: =IF(OR(TB_ATIVIDADES[[#This Row],[Atividade '[*']]]="",TB_ATIVIDADES[[#This Row],[Fase '[*']]]=""),"-",IF(TB_ATIVIDADES[[#This Row],[Total Tarefas '[=']]]=0,"-",_xlfn.LET(_xlpm.totItensNaoConcluidos,COUNTIFS(TB_TAREFAS[Atividade '[*']],TB_ATIVIDADES[[#This Row],[Atividade '[*']]],TB_TAREFAS[Situação da Execução '[*']],"<>" & "CONCLUÍDA",TB_TAREFAS[Situação da Execução '[*']],"<>" & "DESNECESSÁRIA"),_xlpm.totItensConcluidos,TB_ATIVIDADES[[#This Row],[Total Tarefas '[=']]]-_xlpm.totItensNaoConcluidos,_xlpm.totItensNaoIniciados,COUNTIFS(TB_TAREFAS[Atividade '[*']],TB_ATIVIDADES[[#This Row],[Atividade '[*']]],TB_TAREFAS[Situação da Execução '[*']],"NÃO INICIADA"),IF(_xlpm.totItensConcluidos=TB_ATIVIDADES[[#This Row],[Total Tarefas '[=']]],"CONCLUÍDA",IF(_xlpm.totItensNaoIniciados=TB_ATIVIDADES[[#This Row],[Total Tarefas '[=']]],IF(AND(DATE(YEAR(NOW()),MONTH(NOW()),DAY(NOW())) > IFERROR(DATE(YEAR(TB_ATIVIDADES[[#This Row],[Previsão Início '[=']]]),MONTH(TB_ATIVIDADES[[#This Row],[Previsão Início '[=']]]),DAY(TB_ATIVIDADES[[#This Row],[Previsão Início '[=']]])),FALSE)),"INÍCIO COM ATRASO","NÃO INICIADA"),IF(AND(DATE(YEAR(NOW()),MONTH(NOW()),DAY(NOW())) > IFERROR(DATE(YEAR(TB_ATIVIDADES[[#This Row],[Previsão Conclusão '[=']]]),MONTH(TB_ATIVIDADES[[#This Row],[Previsão Conclusão '[=']]]),DAY(TB_ATIVIDADES[[#This Row],[Previsão Conclusão '[=']]])),FALSE)),"CONCLUSÃO COM ATRASO","EM ANDAMENTO")))))) -> INÍCIO COM ATRASO
C23: =IF(TB_FASES[[#This Row],[Fase '[*']]]="","-",COUNTIF(TB_ATIVIDADES[Fase '[*']],TB_FASES[[#This Row],[Fase '[*']]])) -> - | D23: =IF(TB_FASES[[#This Row],[Fase '[*']]]="","-",SUMIF(TB_ATIVIDADES[Fase '[*']],TB_FASES[[#This Row],[Fase '[*']]],TB_ATIVIDADES[Total Tarefas '[=']])) -> - | E23: =IF(TB_FASES[[#This Row],[Fase '[*']]]="","-",_xlfn.LET(_xlpm.tot,COUNTIFS(TB_ATIVIDADES[Fase '[*']],TB_FASES[[#This Row],[Fase '[*']]],TB_ATIVIDADES[Status '[=']],"<>" & "CONCLUÍDA"),_xlpm.tot & IF(TB_FASES[[#This Row],[Total Atividades '[=']]]=0,""," (" & TEXT(_xlpm.tot/TB_FASES[[#This Row],[Total Atividades '[=']]],"0,0%") & ")"))) -> - | F23: =IF(TB_FASES[[#This Row],[Fase '[*']]]="","-",SUMIF(TB_ATIVIDADES[Fase '[*']],TB_FASES[[#This Row],[Fase '[*']]],TB_ATIVIDADES[Esforço Total (min) '[=']])) -> - | G23: =IF(TB_FASES[[#This Row],[Fase '[*']]]="","-",_xlfn.LET(_xlpm.esforcoRealizado,SUMIFS(TB_TAREFAS[Previsão Esforço (min) '[*']],TB_TAREFAS[Fase '[=']],TB_FASES[[#This Row],[Fase '[*']]],TB_TAREFAS[Situação da Execução '[*']],"CONCLUÍDA"),(TB_FASES[[#This Row],[Esforço Total (min) '[=']]]-_xlpm.esforcoRealizado) & IF(TB_FASES[[#This Row],[Esforço Total (min) '[=']]]>0," ("&TEXT((TB_FASES[[#This Row],[Esforço Total (min) '[=']]]-_xlpm.esforcoRealizado)/TB_FASES[[#This Row],[Esforço Total (min) '[=']]],"0,0%")&")",""))) -> - | H23: =IF(TB_FASES[[#This Row],[Fase '[*']]]="","-",_xlfn.LET(_xlpm.dataMin,_xlfn.MINIFS(TB_ATIVIDADES[Previsão Início '[=']],TB_ATIVIDADES[Fase '[*']],TB_FASES[[#This Row],[Fase '[*']]]),IF(_xlpm.dataMin=DATE(1900,1,0),"Indefinida",_xlpm.dataMin))) -> - | I23: =IF(TB_FASES[[#This Row],[Fase '[*']]]="","-",_xlfn.LET(_xlpm.dataMax,_xlfn.MAXIFS(TB_ATIVIDADES[Previsão Conclusão '[=']],TB_ATIVIDADES[Fase '[*']],TB_FASES[[#This Row],[Fase '[*']]]),IF(_xlpm.dataMax=DATE(1900,1,0),"Indefinida",_xlpm.dataMax))) -> - | J23: =IF(TB_FASES[[#This Row],[Fase '[*']]]="","-",IF(TB_FASES[[#This Row],[Total Atividades '[=']]]=0,"-",_xlfn.LET(_xlpm.totAtivNaoConcluidas,COUNTIFS(TB_ATIVIDADES[Fase '[*']],TB_FASES[[#This Row],[Fase '[*']]],TB_ATIVIDADES[Status '[=']],"<>" & "CONCLUÍDA"),_xlpm.totAtivConcluidas,TB_FASES[[#This Row],[Total Atividades '[=']]]-_xlpm.totAtivNaoConcluidas,_xlpm.totAtivNaoIniciadas,COUNTIFS(TB_ATIVIDADES[Fase '[*']],TB_FASES[[#This Row],[Fase '[*']]],TB_ATIVIDADES[Status '[=']],"NÃO INICIADA")+COUNTIFS(TB_ATIVIDADES[Fase '[*']],TB_FASES[[#This Row],[Fase '[*']]],TB_ATIVIDADES[Status '[=']],"INÍCIO COM ATRASO"),IF(_xlpm.totAtivConcluidas=TB_FASES[[#This Row],[Total Atividades '[=']]],"CONCLUÍDA",IF(_xlpm.totAtivNaoIniciadas=TB_FASES[[#This Row],[Total Atividades '[=']]],IF(AND(DATE(YEAR(NOW()),MONTH(NOW()),DAY(NOW())) > IFERROR(DATE(YEAR(TB_FASES[[#This Row],[Previsão Início '[=']]]),MONTH(TB_FASES[[#This Row],[Previsão Início '[=']]]),DAY(TB_FASES[[#This Row],[Previsão Início '[=']]])),FALSE)),"INICIO COM ATRASO","NÃO INICIADA"),IF(AND(DATE(YEAR(NOW()),MONTH(NOW()),DAY(NOW())) > IFERROR(DATE(YEAR(TB_FASES[[#This Row],[Previsão Conclusão '[=']]]),MONTH(TB_FASES[[#This Row],[Previsão Conclusão '[=']]]),DAY(TB_FASES[[#This Row],[Previsão Conclusão '[=']]])),FALSE)),"CONCLUSÃO COM ATRASO","EM ANDAMENTO")))))) -> - | L23: Desenv. Pg. Pós-envio das respostas | M23: F1-DESENV | N23: =IF(OR(TB_ATIVIDADES[[#This Row],[Atividade '[*']]]="",TB_ATIVIDADES[[#This Row],[Fase '[*']]]=""),"-",COUNTIF(TB_TAREFAS[Atividade '[*']],TB_ATIVIDADES[[#This Row],[Atividade '[*']]])) -> 5 | O23: =IF(OR(TB_ATIVIDADES[[#This Row],[Atividade '[*']]]="",TB_ATIVIDADES[[#This Row],[Fase '[*']]]=""),"-",_xlfn.LET(_xlpm.tot,COUNTIFS(TB_TAREFAS[Atividade '[*']],TB_ATIVIDADES[[#This Row],[Atividade '[*']]],TB_TAREFAS[Situação da Execução '[*']],"<>" & "CONCLUÍDA",TB_TAREFAS[Situação da Execução '[*']],"<>"&"DESNECESSÁRIA"),_xlpm.tot & IF(TB_ATIVIDADES[[#This Row],[Total Tarefas '[=']]]=0,""," (" & TEXT(_xlpm.tot/TB_ATIVIDADES[[#This Row],[Total Tarefas '[=']]],"0,0%") & ")"))) -> 5 (100,0%) | P23: =IF(OR(TB_ATIVIDADES[[#This Row],[Atividade '[*']]]="",TB_ATIVIDADES[[#This Row],[Fase '[*']]]=""),"-",SUMIF(TB_TAREFAS[Atividade '[*']],TB_ATIVIDADES[[#This Row],[Atividade '[*']]],TB_TAREFAS[Previsão Esforço (min) '[*']])) -> 130 | Q23: =IF(OR(TB_ATIVIDADES[[#This Row],[Atividade '[*']]]="",TB_ATIVIDADES[[#This Row],[Fase '[*']]]=""),"-",_xlfn.LET(_xlpm.esforçoRealizado,SUMIFS(TB_TAREFAS[Previsão Esforço (min) '[*']],TB_TAREFAS[Atividade '[*']],TB_ATIVIDADES[[#This Row],[Atividade '[*']]],TB_TAREFAS[Situação da Execução '[*']],"CONCLUÍDA")+SUMIFS(TB_TAREFAS[Previsão Esforço (min) '[*']],TB_TAREFAS[Atividade '[*']],TB_ATIVIDADES[[#This Row],[Atividade '[*']]],TB_TAREFAS[Situação da Execução '[*']],"DESNECESSÁRIA"),TB_ATIVIDADES[[#This Row],[Esforço Total (min) '[=']]]-_xlpm.esforçoRealizado & IF(TB_ATIVIDADES[[#This Row],[Esforço Total (min) '[=']]]=0,""," (" & TEXT((TB_ATIVIDADES[[#This Row],[Esforço Total (min) '[=']]]-_xlpm.esforçoRealizado) / TB_ATIVIDADES[[#This Row],[Esforço Total (min) '[=']]],"0,0%") & ")"))) -> 130 (100,0%) | R23: =IF(OR(TB_ATIVIDADES[[#This Row],[Atividade '[*']]]="",TB_ATIVIDADES[[#This Row],[Fase '[*']]]=""),"-",_xlfn.LET(_xlpm.dataMin,_xlfn.MINIFS(TB_TAREFAS[Previsão Início '[*']],TB_TAREFAS[Atividade '[*']],TB_ATIVIDADES[[#This Row],[Atividade '[*']]]),IF(_xlpm.dataMin=0,"-",_xlpm.dataMin))) -> 46091 | S23: =IF(OR(TB_ATIVIDADES[[#This Row],[Atividade '[*']]]="",TB_ATIVIDADES[[#This Row],[Fase '[*']]]=""),"-",_xlfn.LET(_xlpm.dataMax,_xlfn.MAXIFS(TB_TAREFAS[Previsão Conclusão '[*']],TB_TAREFAS[Atividade '[*']],TB_ATIVIDADES[[#This Row],[Atividade '[*']]]),IF(_xlpm.dataMax=0,"-",_xlpm.dataMax))) -> 46091 | T23: =IF(OR(TB_ATIVIDADES[[#This Row],[Atividade '[*']]]="",TB_ATIVIDADES[[#This Row],[Fase '[*']]]=""),"-",IF(TB_ATIVIDADES[[#This Row],[Total Tarefas '[=']]]=0,"-",_xlfn.LET(_xlpm.totItensNaoConcluidos,COUNTIFS(TB_TAREFAS[Atividade '[*']],TB_ATIVIDADES[[#This Row],[Atividade '[*']]],TB_TAREFAS[Situação da Execução '[*']],"<>" & "CONCLUÍDA",TB_TAREFAS[Situação da Execução '[*']],"<>" & "DESNECESSÁRIA"),_xlpm.totItensConcluidos,TB_ATIVIDADES[[#This Row],[Total Tarefas '[=']]]-_xlpm.totItensNaoConcluidos,_xlpm.totItensNaoIniciados,COUNTIFS(TB_TAREFAS[Atividade '[*']],TB_ATIVIDADES[[#This Row],[Atividade '[*']]],TB_TAREFAS[Situação da Execução '[*']],"NÃO INICIADA"),IF(_xlpm.totItensConcluidos=TB_ATIVIDADES[[#This Row],[Total Tarefas '[=']]],"CONCLUÍDA",IF(_xlpm.totItensNaoIniciados=TB_ATIVIDADES[[#This Row],[Total Tarefas '[=']]],IF(AND(DATE(YEAR(NOW()),MONTH(NOW()),DAY(NOW())) > IFERROR(DATE(YEAR(TB_ATIVIDADES[[#This Row],[Previsão Início '[=']]]),MONTH(TB_ATIVIDADES[[#This Row],[Previsão Início '[=']]]),DAY(TB_ATIVIDADES[[#This Row],[Previsão Início '[=']]])),FALSE)),"INÍCIO COM ATRASO","NÃO INICIADA"),IF(AND(DATE(YEAR(NOW()),MONTH(NOW()),DAY(NOW())) > IFERROR(DATE(YEAR(TB_ATIVIDADES[[#This Row],[Previsão Conclusão '[=']]]),MONTH(TB_ATIVIDADES[[#This Row],[Previsão Conclusão '[=']]]),DAY(TB_ATIVIDADES[[#This Row],[Previsão Conclusão '[=']]])),FALSE)),"CONCLUSÃO COM ATRASO","EM ANDAMENTO")))))) -> INÍCIO COM ATRASO
C24: =IF(TB_FASES[[#This Row],[Fase '[*']]]="","-",COUNTIF(TB_ATIVIDADES[Fase '[*']],TB_FASES[[#This Row],[Fase '[*']]])) -> - | D24: =IF(TB_FASES[[#This Row],[Fase '[*']]]="","-",SUMIF(TB_ATIVIDADES[Fase '[*']],TB_FASES[[#This Row],[Fase '[*']]],TB_ATIVIDADES[Total Tarefas '[=']])) -> - | E24: =IF(TB_FASES[[#This Row],[Fase '[*']]]="","-",_xlfn.LET(_xlpm.tot,COUNTIFS(TB_ATIVIDADES[Fase '[*']],TB_FASES[[#This Row],[Fase '[*']]],TB_ATIVIDADES[Status '[=']],"<>" & "CONCLUÍDA"),_xlpm.tot & IF(TB_FASES[[#This Row],[Total Atividades '[=']]]=0,""," (" & TEXT(_xlpm.tot/TB_FASES[[#This Row],[Total Atividades '[=']]],"0,0%") & ")"))) -> - | F24: =IF(TB_FASES[[#This Row],[Fase '[*']]]="","-",SUMIF(TB_ATIVIDADES[Fase '[*']],TB_FASES[[#This Row],[Fase '[*']]],TB_ATIVIDADES[Esforço Total (min) '[=']])) -> - | G24: =IF(TB_FASES[[#This Row],[Fase '[*']]]="","-",_xlfn.LET(_xlpm.esforcoRealizado,SUMIFS(TB_TAREFAS[Previsão Esforço (min) '[*']],TB_TAREFAS[Fase '[=']],TB_FASES[[#This Row],[Fase '[*']]],TB_TAREFAS[Situação da Execução '[*']],"CONCLUÍDA"),(TB_FASES[[#This Row],[Esforço Total (min) '[=']]]-_xlpm.esforcoRealizado) & IF(TB_FASES[[#This Row],[Esforço Total (min) '[=']]]>0," ("&TEXT((TB_FASES[[#This Row],[Esforço Total (min) '[=']]]-_xlpm.esforcoRealizado)/TB_FASES[[#This Row],[Esforço Total (min) '[=']]],"0,0%")&")",""))) -> - | H24: =IF(TB_FASES[[#This Row],[Fase '[*']]]="","-",_xlfn.LET(_xlpm.dataMin,_xlfn.MINIFS(TB_ATIVIDADES[Previsão Início '[=']],TB_ATIVIDADES[Fase '[*']],TB_FASES[[#This Row],[Fase '[*']]]),IF(_xlpm.dataMin=DATE(1900,1,0),"Indefinida",_xlpm.dataMin))) -> - | I24: =IF(TB_FASES[[#This Row],[Fase '[*']]]="","-",_xlfn.LET(_xlpm.dataMax,_xlfn.MAXIFS(TB_ATIVIDADES[Previsão Conclusão '[=']],TB_ATIVIDADES[Fase '[*']],TB_FASES[[#This Row],[Fase '[*']]]),IF(_xlpm.dataMax=DATE(1900,1,0),"Indefinida",_xlpm.dataMax))) -> - | J24: =IF(TB_FASES[[#This Row],[Fase '[*']]]="","-",IF(TB_FASES[[#This Row],[Total Atividades '[=']]]=0,"-",_xlfn.LET(_xlpm.totAtivNaoConcluidas,COUNTIFS(TB_ATIVIDADES[Fase '[*']],TB_FASES[[#This Row],[Fase '[*']]],TB_ATIVIDADES[Status '[=']],"<>" & "CONCLUÍDA"),_xlpm.totAtivConcluidas,TB_FASES[[#This Row],[Total Atividades '[=']]]-_xlpm.totAtivNaoConcluidas,_xlpm.totAtivNaoIniciadas,COUNTIFS(TB_ATIVIDADES[Fase '[*']],TB_FASES[[#This Row],[Fase '[*']]],TB_ATIVIDADES[Status '[=']],"NÃO INICIADA")+COUNTIFS(TB_ATIVIDADES[Fase '[*']],TB_FASES[[#This Row],[Fase '[*']]],TB_ATIVIDADES[Status '[=']],"INÍCIO COM ATRASO"),IF(_xlpm.totAtivConcluidas=TB_FASES[[#This Row],[Total Atividades '[=']]],"CONCLUÍDA",IF(_xlpm.totAtivNaoIniciadas=TB_FASES[[#This Row],[Total Atividades '[=']]],IF(AND(DATE(YEAR(NOW()),MONTH(NOW()),DAY(NOW())) > IFERROR(DATE(YEAR(TB_FASES[[#This Row],[Previsão Início '[=']]]),MONTH(TB_FASES[[#This Row],[Previsão Início '[=']]]),DAY(TB_FASES[[#This Row],[Previsão Início '[=']]])),FALSE)),"INICIO COM ATRASO","NÃO INICIADA"),IF(AND(DATE(YEAR(NOW()),MONTH(NOW()),DAY(NOW())) > IFERROR(DATE(YEAR(TB_FASES[[#This Row],[Previsão Conclusão '[=']]]),MONTH(TB_FASES[[#This Row],[Previsão Conclusão '[=']]]),DAY(TB_FASES[[#This Row],[Previsão Conclusão '[=']]])),FALSE)),"CONCLUSÃO COM ATRASO","EM ANDAMENTO")))))) -> - | L24: Testes E2E | M24: F2-TESTE | N24: =IF(OR(TB_ATIVIDADES[[#This Row],[Atividade '[*']]]="",TB_ATIVIDADES[[#This Row],[Fase '[*']]]=""),"-",COUNTIF(TB_TAREFAS[Atividade '[*']],TB_ATIVIDADES[[#This Row],[Atividade '[*']]])) -> 4 | O24: =IF(OR(TB_ATIVIDADES[[#This Row],[Atividade '[*']]]="",TB_ATIVIDADES[[#This Row],[Fase '[*']]]=""),"-",_xlfn.LET(_xlpm.tot,COUNTIFS(TB_TAREFAS[Atividade '[*']],TB_ATIVIDADES[[#This Row],[Atividade '[*']]],TB_TAREFAS[Situação da Execução '[*']],"<>" & "CONCLUÍDA",TB_TAREFAS[Situação da Execução '[*']],"<>"&"DESNECESSÁRIA"),_xlpm.tot & IF(TB_ATIVIDADES[[#This Row],[Total Tarefas '[=']]]=0,""," (" & TEXT(_xlpm.tot/TB_ATIVIDADES[[#This Row],[Total Tarefas '[=']]],"0,0%") & ")"))) -> 4 (100,0%) | P24: =IF(OR(TB_ATIVIDADES[[#This Row],[Atividade '[*']]]="",TB_ATIVIDADES[[#This Row],[Fase '[*']]]=""),"-",SUMIF(TB_TAREFAS[Atividade '[*']],TB_ATIVIDADES[[#This Row],[Atividade '[*']]],TB_TAREFAS[Previsão Esforço (min) '[*']])) -> 420 | Q24: =IF(OR(TB_ATIVIDADES[[#This Row],[Atividade '[*']]]="",TB_ATIVIDADES[[#This Row],[Fase '[*']]]=""),"-",_xlfn.LET(_xlpm.esforçoRealizado,SUMIFS(TB_TAREFAS[Previsão Esforço (min) '[*']],TB_TAREFAS[Atividade '[*']],TB_ATIVIDADES[[#This Row],[Atividade '[*']]],TB_TAREFAS[Situação da Execução '[*']],"CONCLUÍDA")+SUMIFS(TB_TAREFAS[Previsão Esforço (min) '[*']],TB_TAREFAS[Atividade '[*']],TB_ATIVIDADES[[#This Row],[Atividade '[*']]],TB_TAREFAS[Situação da Execução '[*']],"DESNECESSÁRIA"),TB_ATIVIDADES[[#This Row],[Esforço Total (min) '[=']]]-_xlpm.esforçoRealizado & IF(TB_ATIVIDADES[[#This Row],[Esforço Total (min) '[=']]]=0,""," (" & TEXT((TB_ATIVIDADES[[#This Row],[Esforço Total (min) '[=']]]-_xlpm.esforçoRealizado) / TB_ATIVIDADES[[#This Row],[Esforço Total (min) '[=']]],"0,0%") & ")"))) -> 420 (100,0%) | R24: =IF(OR(TB_ATIVIDADES[[#This Row],[Atividade '[*']]]="",TB_ATIVIDADES[[#This Row],[Fase '[*']]]=""),"-",_xlfn.LET(_xlpm.dataMin,_xlfn.MINIFS(TB_TAREFAS[Previsão Início '[*']],TB_TAREFAS[Atividade '[*']],TB_ATIVIDADES[[#This Row],[Atividade '[*']]]),IF(_xlpm.dataMin=0,"-",_xlpm.dataMin))) -> 46092 | S24: =IF(OR(TB_ATIVIDADES[[#This Row],[Atividade '[*']]]="",TB_ATIVIDADES[[#This Row],[Fase '[*']]]=""),"-",_xlfn.LET(_xlpm.dataMax,_xlfn.MAXIFS(TB_TAREFAS[Previsão Conclusão '[*']],TB_TAREFAS[Atividade '[*']],TB_ATIVIDADES[[#This Row],[Atividade '[*']]]),IF(_xlpm.dataMax=0,"-",_xlpm.dataMax))) -> 46093 | T24: =IF(OR(TB_ATIVIDADES[[#This Row],[Atividade '[*']]]="",TB_ATIVIDADES[[#This Row],[Fase '[*']]]=""),"-",IF(TB_ATIVIDADES[[#This Row],[Total Tarefas '[=']]]=0,"-",_xlfn.LET(_xlpm.totItensNaoConcluidos,COUNTIFS(TB_TAREFAS[Atividade '[*']],TB_ATIVIDADES[[#This Row],[Atividade '[*']]],TB_TAREFAS[Situação da Execução '[*']],"<>" & "CONCLUÍDA",TB_TAREFAS[Situação da Execução '[*']],"<>" & "DESNECESSÁRIA"),_xlpm.totItensConcluidos,TB_ATIVIDADES[[#This Row],[Total Tarefas '[=']]]-_xlpm.totItensNaoConcluidos,_xlpm.totItensNaoIniciados,COUNTIFS(TB_TAREFAS[Atividade '[*']],TB_ATIVIDADES[[#This Row],[Atividade '[*']]],TB_TAREFAS[Situação da Execução '[*']],"NÃO INICIADA"),IF(_xlpm.totItensConcluidos=TB_ATIVIDADES[[#This Row],[Total Tarefas '[=']]],"CONCLUÍDA",IF(_xlpm.totItensNaoIniciados=TB_ATIVIDADES[[#This Row],[Total Tarefas '[=']]],IF(AND(DATE(YEAR(NOW()),MONTH(NOW()),DAY(NOW())) > IFERROR(DATE(YEAR(TB_ATIVIDADES[[#This Row],[Previsão Início '[=']]]),MONTH(TB_ATIVIDADES[[#This Row],[Previsão Início '[=']]]),DAY(TB_ATIVIDADES[[#This Row],[Previsão Início '[=']]])),FALSE)),"INÍCIO COM ATRASO","NÃO INICIADA"),IF(AND(DATE(YEAR(NOW()),MONTH(NOW()),DAY(NOW())) > IFERROR(DATE(YEAR(TB_ATIVIDADES[[#This Row],[Previsão Conclusão '[=']]]),MONTH(TB_ATIVIDADES[[#This Row],[Previsão Conclusão '[=']]]),DAY(TB_ATIVIDADES[[#This Row],[Previsão Conclusão '[=']]])),FALSE)),"CONCLUSÃO COM ATRASO","EM ANDAMENTO")))))) -> INÍCIO COM ATRASO
... C28: =IF(TB_FASES[[#This Row],[Fase '[*']]]="","-",COUNTIF(TB_ATIVIDADES[Fase '[*']],TB_FASES[[#This Row],[Fase '[*']]])) -> - | D28: =IF(TB_FASES[[#This Row],[Fase '[*']]]="","-",SUMIF(TB_ATIVIDADES[Fase '[*']],TB_FASES[[#This Row],[Fase '[*']]],TB_ATIVIDADES[Total Tarefas '[=']])) -> - | E28: =IF(TB_FASES[[#This Row],[Fase '[*']]]="","-",_xlfn.LET(_xlpm.tot,COUNTIFS(TB_ATIVIDADES[Fase '[*']],TB_FASES[[#This Row],[Fase '[*']]],TB_ATIVIDADES[Status '[=']],"<>" & "CONCLUÍDA"),_xlpm.tot & IF(TB_FASES[[#This Row],[Total Atividades '[=']]]=0,""," (" & TEXT(_xlpm.tot/TB_FASES[[#This Row],[Total Atividades '[=']]],"0,0%") & ")"))) -> - | F28: =IF(TB_FASES[[#This Row],[Fase '[*']]]="","-",SUMIF(TB_ATIVIDADES[Fase '[*']],TB_FASES[[#This Row],[Fase '[*']]],TB_ATIVIDADES[Esforço Total (min) '[=']])) -> - | G28: =IF(TB_FASES[[#This Row],[Fase '[*']]]="","-",_xlfn.LET(_xlpm.esforcoRealizado,SUMIFS(TB_TAREFAS[Previsão Esforço (min) '[*']],TB_TAREFAS[Fase '[=']],TB_FASES[[#This Row],[Fase '[*']]],TB_TAREFAS[Situação da Execução '[*']],"CONCLUÍDA"),(TB_FASES[[#This Row],[Esforço Total (min) '[=']]]-_xlpm.esforcoRealizado) & IF(TB_FASES[[#This Row],[Esforço Total (min) '[=']]]>0," ("&TEXT((TB_FASES[[#This Row],[Esforço Total (min) '[=']]]-_xlpm.esforcoRealizado)/TB_FASES[[#This Row],[Esforço Total (min) '[=']]],"0,0%")&")",""))) -> - | H28: =IF(TB_FASES[[#This Row],[Fase '[*']]]="","-",_xlfn.LET(_xlpm.dataMin,_xlfn.MINIFS(TB_ATIVIDADES[Previsão Início '[=']],TB_ATIVIDADES[Fase '[*']],TB_FASES[[#This Row],[Fase '[*']]]),IF(_xlpm.dataMin=DATE(1900,1,0),"Indefinida",_xlpm.dataMin))) -> - | I28: =IF(TB_FASES[[#This Row],[Fase '[*']]]="","-",_xlfn.LET(_xlpm.dataMax,_xlfn.MAXIFS(TB_ATIVIDADES[Previsão Conclusão '[=']],TB_ATIVIDADES[Fase '[*']],TB_FASES[[#This Row],[Fase '[*']]]),IF(_xlpm.dataMax=DATE(1900,1,0),"Indefinida",_xlpm.dataMax))) -> - | J28: =IF(TB_FASES[[#This Row],[Fase '[*']]]="","-",IF(TB_FASES[[#This Row],[Total Atividades '[=']]]=0,"-",_xlfn.LET(_xlpm.totAtivNaoConcluidas,COUNTIFS(TB_ATIVIDADES[Fase '[*']],TB_FASES[[#This Row],[Fase '[*']]],TB_ATIVIDADES[Status '[=']],"<>" & "CONCLUÍDA"),_xlpm.totAtivConcluidas,TB_FASES[[#This Row],[Total Atividades '[=']]]-_xlpm.totAtivNaoConcluidas,_xlpm.totAtivNaoIniciadas,COUNTIFS(TB_ATIVIDADES[Fase '[*']],TB_FASES[[#This Row],[Fase '[*']]],TB_ATIVIDADES[Status '[=']],"NÃO INICIADA")+COUNTIFS(TB_ATIVIDADES[Fase '[*']],TB_FASES[[#This Row],[Fase '[*']]],TB_ATIVIDADES[Status '[=']],"INÍCIO COM ATRASO"),IF(_xlpm.totAtivConcluidas=TB_FASES[[#This Row],[Total Atividades '[=']]],"CONCLUÍDA",IF(_xlpm.totAtivNaoIniciadas=TB_FASES[[#This Row],[Total Atividades '[=']]],IF(AND(DATE(YEAR(NOW()),MONTH(NOW()),DAY(NOW())) > IFERROR(DATE(YEAR(TB_FASES[[#This Row],[Previsão Início '[=']]]),MONTH(TB_FASES[[#This Row],[Previsão Início '[=']]]),DAY(TB_FASES[[#This Row],[Previsão Início '[=']]])),FALSE)),"INICIO COM ATRASO","NÃO INICIADA"),IF(AND(DATE(YEAR(NOW()),MONTH(NOW()),DAY(NOW())) > IFERROR(DATE(YEAR(TB_FASES[[#This Row],[Previsão Conclusão '[=']]]),MONTH(TB_FASES[[#This Row],[Previsão Conclusão '[=']]]),DAY(TB_FASES[[#This Row],[Previsão Conclusão '[=']]])),FALSE)),"CONCLUSÃO COM ATRASO","EM ANDAMENTO")))))) -> - | L28: Suporte | M28: F4-SUPORTE | N28: =IF(OR(TB_ATIVIDADES[[#This Row],[Atividade '[*']]]="",TB_ATIVIDADES[[#This Row],[Fase '[*']]]=""),"-",COUNTIF(TB_TAREFAS[Atividade '[*']],TB_ATIVIDADES[[#This Row],[Atividade '[*']]])) -> 1 | O28: =IF(OR(TB_ATIVIDADES[[#This Row],[Atividade '[*']]]="",TB_ATIVIDADES[[#This Row],[Fase '[*']]]=""),"-",_xlfn.LET(_xlpm.tot,COUNTIFS(TB_TAREFAS[Atividade '[*']],TB_ATIVIDADES[[#This Row],[Atividade '[*']]],TB_TAREFAS[Situação da Execução '[*']],"<>" & "CONCLUÍDA",TB_TAREFAS[Situação da Execução '[*']],"<>"&"DESNECESSÁRIA"),_xlpm.tot & IF(TB_ATIVIDADES[[#This Row],[Total Tarefas '[=']]]=0,""," (" & TEXT(_xlpm.tot/TB_ATIVIDADES[[#This Row],[Total Tarefas '[=']]],"0,0%") & ")"))) -> 1 (100,0%) | P28: =IF(OR(TB_ATIVIDADES[[#This Row],[Atividade '[*']]]="",TB_ATIVIDADES[[#This Row],[Fase '[*']]]=""),"-",SUMIF(TB_TAREFAS[Atividade '[*']],TB_ATIVIDADES[[#This Row],[Atividade '[*']]],TB_TAREFAS[Previsão Esforço (min) '[*']])) -> 1770 | Q28: =IF(OR(TB_ATIVIDADES[[#This Row],[Atividade '[*']]]="",TB_ATIVIDADES[[#This Row],[Fase '[*']]]=""),"-",_xlfn.LET(_xlpm.esforçoRealizado,SUMIFS(TB_TAREFAS[Previsão Esforço (min) '[*']],TB_TAREFAS[Atividade '[*']],TB_ATIVIDADES[[#This Row],[Atividade '[*']]],TB_TAREFAS[Situação da Execução '[*']],"CONCLUÍDA")+SUMIFS(TB_TAREFAS[Previsão Esforço (min) '[*']],TB_TAREFAS[Atividade '[*']],TB_ATIVIDADES[[#This Row],[Atividade '[*']]],TB_TAREFAS[Situação da Execução '[*']],"DESNECESSÁRIA"),TB_ATIVIDADES[[#This Row],[Esforço Total (min) '[=']]]-_xlpm.esforçoRealizado & IF(TB_ATIVIDADES[[#This Row],[Esforço Total (min) '[=']]]=0,""," (" & TEXT((TB_ATIVIDADES[[#This Row],[Esforço Total (min) '[=']]]-_xlpm.esforçoRealizado) / TB_ATIVIDADES[[#This Row],[Esforço Total (min) '[=']]],"0,0%") & ")"))) -> 1770 (100,0%) | R28: =IF(OR(TB_ATIVIDADES[[#This Row],[Atividade '[*']]]="",TB_ATIVIDADES[[#This Row],[Fase '[*']]]=""),"-",_xlfn.LET(_xlpm.dataMin,_xlfn.MINIFS(TB_TAREFAS[Previsão Início '[*']],TB_TAREFAS[Atividade '[*']],TB_ATIVIDADES[[#This Row],[Atividade '[*']]]),IF(_xlpm.dataMin=0,"-",_xlpm.dataMin))) -> 46118 | S28: =IF(OR(TB_ATIVIDADES[[#This Row],[Atividade '[*']]]="",TB_ATIVIDADES[[#This Row],[Fase '[*']]]=""),"-",_xlfn.LET(_xlpm.dataMax,_xlfn.MAXIFS(TB_TAREFAS[Previsão Conclusão '[*']],TB_TAREFAS[Atividade '[*']],TB_ATIVIDADES[[#This Row],[Atividade '[*']]]),IF(_xlpm.dataMax=0,"-",_xlpm.dataMax))) -> 46177 | T28: =IF(OR(TB_ATIVIDADES[[#This Row],[Atividade '[*']]]="",TB_ATIVIDADES[[#This Row],[Fase '[*']]]=""),"-",IF(TB_ATIVIDADES[[#This Row],[Total Tarefas '[=']]]=0,"-",_xlfn.LET(_xlpm.totItensNaoConcluidos,COUNTIFS(TB_TAREFAS[Atividade '[*']],TB_ATIVIDADES[[#This Row],[Atividade '[*']]],TB_TAREFAS[Situação da Execução '[*']],"<>" & "CONCLUÍDA",TB_TAREFAS[Situação da Execução '[*']],"<>" & "DESNECESSÁRIA"),_xlpm.totItensConcluidos,TB_ATIVIDADES[[#This Row],[Total Tarefas '[=']]]-_xlpm.totItensNaoConcluidos,_xlpm.totItensNaoIniciados,COUNTIFS(TB_TAREFAS[Atividade '[*']],TB_ATIVIDADES[[#This Row],[Atividade '[*']]],TB_TAREFAS[Situação da Execução '[*']],"NÃO INICIADA"),IF(_xlpm.totItensConcluidos=TB_ATIVIDADES[[#This Row],[Total Tarefas '[=']]],"CONCLUÍDA",IF(_xlpm.totItensNaoIniciados=TB_ATIVIDADES[[#This Row],[Total Tarefas '[=']]],IF(AND(DATE(YEAR(NOW()),MONTH(NOW()),DAY(NOW())) > IFERROR(DATE(YEAR(TB_ATIVIDADES[[#This Row],[Previsão Início '[=']]]),MONTH(TB_ATIVIDADES[[#This Row],[Previsão Início '[=']]]),DAY(TB_ATIVIDADES[[#This Row],[Previsão Início '[=']]])),FALSE)),"INÍCIO COM ATRASO","NÃO INICIADA"),IF(AND(DATE(YEAR(NOW()),MONTH(NOW()),DAY(NOW())) > IFERROR(DATE(YEAR(TB_ATIVIDADES[[#This Row],[Previsão Conclusão '[=']]]),MONTH(TB_ATIVIDADES[[#This Row],[Previsão Conclusão '[=']]]),DAY(TB_ATIVIDADES[[#This Row],[Previsão Conclusão '[=']]])),FALSE)),"CONCLUSÃO COM ATRASO","EM ANDAMENTO")))))) -> INÍCIO COM ATRASO
C29: =IF(TB_FASES[[#This Row],[Fase '[*']]]="","-",COUNTIF(TB_ATIVIDADES[Fase '[*']],TB_FASES[[#This Row],[Fase '[*']]])) -> - | D29: =IF(TB_FASES[[#This Row],[Fase '[*']]]="","-",SUMIF(TB_ATIVIDADES[Fase '[*']],TB_FASES[[#This Row],[Fase '[*']]],TB_ATIVIDADES[Total Tarefas '[=']])) -> - | E29: =IF(TB_FASES[[#This Row],[Fase '[*']]]="","-",_xlfn.LET(_xlpm.tot,COUNTIFS(TB_ATIVIDADES[Fase '[*']],TB_FASES[[#This Row],[Fase '[*']]],TB_ATIVIDADES[Status '[=']],"<>" & "CONCLUÍDA"),_xlpm.tot & IF(TB_FASES[[#This Row],[Total Atividades '[=']]]=0,""," (" & TEXT(_xlpm.tot/TB_FASES[[#This Row],[Total Atividades '[=']]],"0,0%") & ")"))) -> - | F29: =IF(TB_FASES[[#This Row],[Fase '[*']]]="","-",SUMIF(TB_ATIVIDADES[Fase '[*']],TB_FASES[[#This Row],[Fase '[*']]],TB_ATIVIDADES[Esforço Total (min) '[=']])) -> - | G29: =IF(TB_FASES[[#This Row],[Fase '[*']]]="","-",_xlfn.LET(_xlpm.esforcoRealizado,SUMIFS(TB_TAREFAS[Previsão Esforço (min) '[*']],TB_TAREFAS[Fase '[=']],TB_FASES[[#This Row],[Fase '[*']]],TB_TAREFAS[Situação da Execução '[*']],"CONCLUÍDA"),(TB_FASES[[#This Row],[Esforço Total (min) '[=']]]-_xlpm.esforcoRealizado) & IF(TB_FASES[[#This Row],[Esforço Total (min) '[=']]]>0," ("&TEXT((TB_FASES[[#This Row],[Esforço Total (min) '[=']]]-_xlpm.esforcoRealizado)/TB_FASES[[#This Row],[Esforço Total (min) '[=']]],"0,0%")&")",""))) -> - | H29: =IF(TB_FASES[[#This Row],[Fase '[*']]]="","-",_xlfn.LET(_xlpm.dataMin,_xlfn.MINIFS(TB_ATIVIDADES[Previsão Início '[=']],TB_ATIVIDADES[Fase '[*']],TB_FASES[[#This Row],[Fase '[*']]]),IF(_xlpm.dataMin=DATE(1900,1,0),"Indefinida",_xlpm.dataMin))) -> - | I29: =IF(TB_FASES[[#This Row],[Fase '[*']]]="","-",_xlfn.LET(_xlpm.dataMax,_xlfn.MAXIFS(TB_ATIVIDADES[Previsão Conclusão '[=']],TB_ATIVIDADES[Fase '[*']],TB_FASES[[#This Row],[Fase '[*']]]),IF(_xlpm.dataMax=DATE(1900,1,0),"Indefinida",_xlpm.dataMax))) -> - | J29: =IF(TB_FASES[[#This Row],[Fase '[*']]]="","-",IF(TB_FASES[[#This Row],[Total Atividades '[=']]]=0,"-",_xlfn.LET(_xlpm.totAtivNaoConcluidas,COUNTIFS(TB_ATIVIDADES[Fase '[*']],TB_FASES[[#This Row],[Fase '[*']]],TB_ATIVIDADES[Status '[=']],"<>" & "CONCLUÍDA"),_xlpm.totAtivConcluidas,TB_FASES[[#This Row],[Total Atividades '[=']]]-_xlpm.totAtivNaoConcluidas,_xlpm.totAtivNaoIniciadas,COUNTIFS(TB_ATIVIDADES[Fase '[*']],TB_FASES[[#This Row],[Fase '[*']]],TB_ATIVIDADES[Status '[=']],"NÃO INICIADA")+COUNTIFS(TB_ATIVIDADES[Fase '[*']],TB_FASES[[#This Row],[Fase '[*']]],TB_ATIVIDADES[Status '[=']],"INÍCIO COM ATRASO"),IF(_xlpm.totAtivConcluidas=TB_FASES[[#This Row],[Total Atividades '[=']]],"CONCLUÍDA",IF(_xlpm.totAtivNaoIniciadas=TB_FASES[[#This Row],[Total Atividades '[=']]],IF(AND(DATE(YEAR(NOW()),MONTH(NOW()),DAY(NOW())) > IFERROR(DATE(YEAR(TB_FASES[[#This Row],[Previsão Início '[=']]]),MONTH(TB_FASES[[#This Row],[Previsão Início '[=']]]),DAY(TB_FASES[[#This Row],[Previsão Início '[=']]])),FALSE)),"INICIO COM ATRASO","NÃO INICIADA"),IF(AND(DATE(YEAR(NOW()),MONTH(NOW()),DAY(NOW())) > IFERROR(DATE(YEAR(TB_FASES[[#This Row],[Previsão Conclusão '[=']]]),MONTH(TB_FASES[[#This Row],[Previsão Conclusão '[=']]]),DAY(TB_FASES[[#This Row],[Previsão Conclusão '[=']]])),FALSE)),"CONCLUSÃO COM ATRASO","EM ANDAMENTO")))))) -> - | N29: =IF(OR(TB_ATIVIDADES[[#This Row],[Atividade '[*']]]="",TB_ATIVIDADES[[#This Row],[Fase '[*']]]=""),"-",COUNTIF(TB_TAREFAS[Atividade '[*']],TB_ATIVIDADES[[#This Row],[Atividade '[*']]])) -> - | O29: =IF(OR(TB_ATIVIDADES[[#This Row],[Atividade '[*']]]="",TB_ATIVIDADES[[#This Row],[Fase '[*']]]=""),"-",_xlfn.LET(_xlpm.tot,COUNTIFS(TB_TAREFAS[Atividade '[*']],TB_ATIVIDADES[[#This Row],[Atividade '[*']]],TB_TAREFAS[Situação da Execução '[*']],"<>" & "CONCLUÍDA",TB_TAREFAS[Situação da Execução '[*']],"<>"&"DESNECESSÁRIA"),_xlpm.tot & IF(TB_ATIVIDADES[[#This Row],[Total Tarefas '[=']]]=0,""," (" & TEXT(_xlpm.tot/TB_ATIVIDADES[[#This Row],[Total Tarefas '[=']]],"0,0%") & ")"))) -> - | P29: =IF(OR(TB_ATIVIDADES[[#This Row],[Atividade '[*']]]="",TB_ATIVIDADES[[#This Row],[Fase '[*']]]=""),"-",SUMIF(TB_TAREFAS[Atividade '[*']],TB_ATIVIDADES[[#This Row],[Atividade '[*']]],TB_TAREFAS[Previsão Esforço (min) '[*']])) -> - | Q29: =IF(OR(TB_ATIVIDADES[[#This Row],[Atividade '[*']]]="",TB_ATIVIDADES[[#This Row],[Fase '[*']]]=""),"-",_xlfn.LET(_xlpm.esforçoRealizado,SUMIFS(TB_TAREFAS[Previsão Esforço (min) '[*']],TB_TAREFAS[Atividade '[*']],TB_ATIVIDADES[[#This Row],[Atividade '[*']]],TB_TAREFAS[Situação da Execução '[*']],"CONCLUÍDA")+SUMIFS(TB_TAREFAS[Previsão Esforço (min) '[*']],TB_TAREFAS[Atividade '[*']],TB_ATIVIDADES[[#This Row],[Atividade '[*']]],TB_TAREFAS[Situação da Execução '[*']],"DESNECESSÁRIA"),TB_ATIVIDADES[[#This Row],[Esforço Total (min) '[=']]]-_xlpm.esforçoRealizado & IF(TB_ATIVIDADES[[#This Row],[Esforço Total (min) '[=']]]=0,""," (" & TEXT((TB_ATIVIDADES[[#This Row],[Esforço Total (min) '[=']]]-_xlpm.esforçoRealizado) / TB_ATIVIDADES[[#This Row],[Esforço Total (min) '[=']]],"0,0%") & ")"))) -> - | R29: =IF(OR(TB_ATIVIDADES[[#This Row],[Atividade '[*']]]="",TB_ATIVIDADES[[#This Row],[Fase '[*']]]=""),"-",_xlfn.LET(_xlpm.dataMin,_xlfn.MINIFS(TB_TAREFAS[Previsão Início '[*']],TB_TAREFAS[Atividade '[*']],TB_ATIVIDADES[[#This Row],[Atividade '[*']]]),IF(_xlpm.dataMin=0,"-",_xlpm.dataMin))) -> - | S29: =IF(OR(TB_ATIVIDADES[[#This Row],[Atividade '[*']]]="",TB_ATIVIDADES[[#This Row],[Fase '[*']]]=""),"-",_xlfn.LET(_xlpm.dataMax,_xlfn.MAXIFS(TB_TAREFAS[Previsão Conclusão '[*']],TB_TAREFAS[Atividade '[*']],TB_ATIVIDADES[[#This Row],[Atividade '[*']]]),IF(_xlpm.dataMax=0,"-",_xlpm.dataMax))) -> - | T29: =IF(OR(TB_ATIVIDADES[[#This Row],[Atividade '[*']]]="",TB_ATIVIDADES[[#This Row],[Fase '[*']]]=""),"-",IF(TB_ATIVIDADES[[#This Row],[Total Tarefas '[=']]]=0,"-",_xlfn.LET(_xlpm.totItensNaoConcluidos,COUNTIFS(TB_TAREFAS[Atividade '[*']],TB_ATIVIDADES[[#This Row],[Atividade '[*']]],TB_TAREFAS[Situação da Execução '[*']],"<>" & "CONCLUÍDA",TB_TAREFAS[Situação da Execução '[*']],"<>" & "DESNECESSÁRIA"),_xlpm.totItensConcluidos,TB_ATIVIDADES[[#This Row],[Total Tarefas '[=']]]-_xlpm.totItensNaoConcluidos,_xlpm.totItensNaoIniciados,COUNTIFS(TB_TAREFAS[Atividade '[*']],TB_ATIVIDADES[[#This Row],[Atividade '[*']]],TB_TAREFAS[Situação da Execução '[*']],"NÃO INICIADA"),IF(_xlpm.totItensConcluidos=TB_ATIVIDADES[[#This Row],[Total Tarefas '[=']]],"CONCLUÍDA",IF(_xlpm.totItensNaoIniciados=TB_ATIVIDADES[[#This Row],[Total Tarefas '[=']]],IF(AND(DATE(YEAR(NOW()),MONTH(NOW()),DAY(NOW())) > IFERROR(DATE(YEAR(TB_ATIVIDADES[[#This Row],[Previsão Início '[=']]]),MONTH(TB_ATIVIDADES[[#This Row],[Previsão Início '[=']]]),DAY(TB_ATIVIDADES[[#This Row],[Previsão Início '[=']]])),FALSE)),"INÍCIO COM ATRASO","NÃO INICIADA"),IF(AND(DATE(YEAR(NOW()),MONTH(NOW()),DAY(NOW())) > IFERROR(DATE(YEAR(TB_ATIVIDADES[[#This Row],[Previsão Conclusão '[=']]]),MONTH(TB_ATIVIDADES[[#This Row],[Previsão Conclusão '[=']]]),DAY(TB_ATIVIDADES[[#This Row],[Previsão Conclusão '[=']]])),FALSE)),"CONCLUSÃO COM ATRASO","EM ANDAMENTO")))))) -> -
C30: =IF(TB_FASES[[#This Row],[Fase '[*']]]="","-",COUNTIF(TB_ATIVIDADES[Fase '[*']],TB_FASES[[#This Row],[Fase '[*']]])) -> - | D30: =IF(TB_FASES[[#This Row],[Fase '[*']]]="","-",SUMIF(TB_ATIVIDADES[Fase '[*']],TB_FASES[[#This Row],[Fase '[*']]],TB_ATIVIDADES[Total Tarefas '[=']])) -> - | E30: =IF(TB_FASES[[#This Row],[Fase '[*']]]="","-",_xlfn.LET(_xlpm.tot,COUNTIFS(TB_ATIVIDADES[Fase '[*']],TB_FASES[[#This Row],[Fase '[*']]],TB_ATIVIDADES[Status '[=']],"<>" & "CONCLUÍDA"),_xlpm.tot & IF(TB_FASES[[#This Row],[Total Atividades '[=']]]=0,""," (" & TEXT(_xlpm.tot/TB_FASES[[#This Row],[Total Atividades '[=']]],"0,0%") & ")"))) -> - | F30: =IF(TB_FASES[[#This Row],[Fase '[*']]]="","-",SUMIF(TB_ATIVIDADES[Fase '[*']],TB_FASES[[#This Row],[Fase '[*']]],TB_ATIVIDADES[Esforço Total (min) '[=']])) -> - | G30: =IF(TB_FASES[[#This Row],[Fase '[*']]]="","-",_xlfn.LET(_xlpm.esforcoRealizado,SUMIFS(TB_TAREFAS[Previsão Esforço (min) '[*']],TB_TAREFAS[Fase '[=']],TB_FASES[[#This Row],[Fase '[*']]],TB_TAREFAS[Situação da Execução '[*']],"CONCLUÍDA"),(TB_FASES[[#This Row],[Esforço Total (min) '[=']]]-_xlpm.esforcoRealizado) & IF(TB_FASES[[#This Row],[Esforço Total (min) '[=']]]>0," ("&TEXT((TB_FASES[[#This Row],[Esforço Total (min) '[=']]]-_xlpm.esforcoRealizado)/TB_FASES[[#This Row],[Esforço Total (min) '[=']]],"0,0%")&")",""))) -> - | H30: =IF(TB_FASES[[#This Row],[Fase '[*']]]="","-",_xlfn.LET(_xlpm.dataMin,_xlfn.MINIFS(TB_ATIVIDADES[Previsão Início '[=']],TB_ATIVIDADES[Fase '[*']],TB_FASES[[#This Row],[Fase '[*']]]),IF(_xlpm.dataMin=DATE(1900,1,0),"Indefinida",_xlpm.dataMin))) -> - | I30: =IF(TB_FASES[[#This Row],[Fase '[*']]]="","-",_xlfn.LET(_xlpm.dataMax,_xlfn.MAXIFS(TB_ATIVIDADES[Previsão Conclusão '[=']],TB_ATIVIDADES[Fase '[*']],TB_FASES[[#This Row],[Fase '[*']]]),IF(_xlpm.dataMax=DATE(1900,1,0),"Indefinida",_xlpm.dataMax))) -> - | J30: =IF(TB_FASES[[#This Row],[Fase '[*']]]="","-",IF(TB_FASES[[#This Row],[Total Atividades '[=']]]=0,"-",_xlfn.LET(_xlpm.totAtivNaoConcluidas,COUNTIFS(TB_ATIVIDADES[Fase '[*']],TB_FASES[[#This Row],[Fase '[*']]],TB_ATIVIDADES[Status '[=']],"<>" & "CONCLUÍDA"),_xlpm.totAtivConcluidas,TB_FASES[[#This Row],[Total Atividades '[=']]]-_xlpm.totAtivNaoConcluidas,_xlpm.totAtivNaoIniciadas,COUNTIFS(TB_ATIVIDADES[Fase '[*']],TB_FASES[[#This Row],[Fase '[*']]],TB_ATIVIDADES[Status '[=']],"NÃO INICIADA")+COUNTIFS(TB_ATIVIDADES[Fase '[*']],TB_FASES[[#This Row],[Fase '[*']]],TB_ATIVIDADES[Status '[=']],"INÍCIO COM ATRASO"),IF(_xlpm.totAtivConcluidas=TB_FASES[[#This Row],[Total Atividades '[=']]],"CONCLUÍDA",IF(_xlpm.totAtivNaoIniciadas=TB_FASES[[#This Row],[Total Atividades '[=']]],IF(AND(DATE(YEAR(NOW()),MONTH(NOW()),DAY(NOW())) > IFERROR(DATE(YEAR(TB_FASES[[#This Row],[Previsão Início '[=']]]),MONTH(TB_FASES[[#This Row],[Previsão Início '[=']]]),DAY(TB_FASES[[#This Row],[Previsão Início '[=']]])),FALSE)),"INICIO COM ATRASO","NÃO INICIADA"),IF(AND(DATE(YEAR(NOW()),MONTH(NOW()),DAY(NOW())) > IFERROR(DATE(YEAR(TB_FASES[[#This Row],[Previsão Conclusão '[=']]]),MONTH(TB_FASES[[#This Row],[Previsão Conclusão '[=']]]),DAY(TB_FASES[[#This Row],[Previsão Conclusão '[=']]])),FALSE)),"CONCLUSÃO COM ATRASO","EM ANDAMENTO")))))) -> - | N30: =IF(OR(TB_ATIVIDADES[[#This Row],[Atividade '[*']]]="",TB_ATIVIDADES[[#This Row],[Fase '[*']]]=""),"-",COUNTIF(TB_TAREFAS[Atividade '[*']],TB_ATIVIDADES[[#This Row],[Atividade '[*']]])) -> - | O30: =IF(OR(TB_ATIVIDADES[[#This Row],[Atividade '[*']]]="",TB_ATIVIDADES[[#This Row],[Fase '[*']]]=""),"-",_xlfn.LET(_xlpm.tot,COUNTIFS(TB_TAREFAS[Atividade '[*']],TB_ATIVIDADES[[#This Row],[Atividade '[*']]],TB_TAREFAS[Situação da Execução '[*']],"<>" & "CONCLUÍDA",TB_TAREFAS[Situação da Execução '[*']],"<>"&"DESNECESSÁRIA"),_xlpm.tot & IF(TB_ATIVIDADES[[#This Row],[Total Tarefas '[=']]]=0,""," (" & TEXT(_xlpm.tot/TB_ATIVIDADES[[#This Row],[Total Tarefas '[=']]],"0,0%") & ")"))) -> - | P30: =IF(OR(TB_ATIVIDADES[[#This Row],[Atividade '[*']]]="",TB_ATIVIDADES[[#This Row],[Fase '[*']]]=""),"-",SUMIF(TB_TAREFAS[Atividade '[*']],TB_ATIVIDADES[[#This Row],[Atividade '[*']]],TB_TAREFAS[Previsão Esforço (min) '[*']])) -> - | Q30: =IF(OR(TB_ATIVIDADES[[#This Row],[Atividade '[*']]]="",TB_ATIVIDADES[[#This Row],[Fase '[*']]]=""),"-",_xlfn.LET(_xlpm.esforçoRealizado,SUMIFS(TB_TAREFAS[Previsão Esforço (min) '[*']],TB_TAREFAS[Atividade '[*']],TB_ATIVIDADES[[#This Row],[Atividade '[*']]],TB_TAREFAS[Situação da Execução '[*']],"CONCLUÍDA")+SUMIFS(TB_TAREFAS[Previsão Esforço (min) '[*']],TB_TAREFAS[Atividade '[*']],TB_ATIVIDADES[[#This Row],[Atividade '[*']]],TB_TAREFAS[Situação da Execução '[*']],"DESNECESSÁRIA"),TB_ATIVIDADES[[#This Row],[Esforço Total (min) '[=']]]-_xlpm.esforçoRealizado & IF(TB_ATIVIDADES[[#This Row],[Esforço Total (min) '[=']]]=0,""," (" & TEXT((TB_ATIVIDADES[[#This Row],[Esforço Total (min) '[=']]]-_xlpm.esforçoRealizado) / TB_ATIVIDADES[[#This Row],[Esforço Total (min) '[=']]],"0,0%") & ")"))) -> - | R30: =IF(OR(TB_ATIVIDADES[[#This Row],[Atividade '[*']]]="",TB_ATIVIDADES[[#This Row],[Fase '[*']]]=""),"-",_xlfn.LET(_xlpm.dataMin,_xlfn.MINIFS(TB_TAREFAS[Previsão Início '[*']],TB_TAREFAS[Atividade '[*']],TB_ATIVIDADES[[#This Row],[Atividade '[*']]]),IF(_xlpm.dataMin=0,"-",_xlpm.dataMin))) -> - | S30: =IF(OR(TB_ATIVIDADES[[#This Row],[Atividade '[*']]]="",TB_ATIVIDADES[[#This Row],[Fase '[*']]]=""),"-",_xlfn.LET(_xlpm.dataMax,_xlfn.MAXIFS(TB_TAREFAS[Previsão Conclusão '[*']],TB_TAREFAS[Atividade '[*']],TB_ATIVIDADES[[#This Row],[Atividade '[*']]]),IF(_xlpm.dataMax=0,"-",_xlpm.dataMax))) -> - | T30: =IF(OR(TB_ATIVIDADES[[#This Row],[Atividade '[*']]]="",TB_ATIVIDADES[[#This Row],[Fase '[*']]]=""),"-",IF(TB_ATIVIDADES[[#This Row],[Total Tarefas '[=']]]=0,"-",_xlfn.LET(_xlpm.totItensNaoConcluidos,COUNTIFS(TB_TAREFAS[Atividade '[*']],TB_ATIVIDADES[[#This Row],[Atividade '[*']]],TB_TAREFAS[Situação da Execução '[*']],"<>" & "CONCLUÍDA",TB_TAREFAS[Situação da Execução '[*']],"<>" & "DESNECESSÁRIA"),_xlpm.totItensConcluidos,TB_ATIVIDADES[[#This Row],[Total Tarefas '[=']]]-_xlpm.totItensNaoConcluidos,_xlpm.totItensNaoIniciados,COUNTIFS(TB_TAREFAS[Atividade '[*']],TB_ATIVIDADES[[#This Row],[Atividade '[*']]],TB_TAREFAS[Situação da Execução '[*']],"NÃO INICIADA"),IF(_xlpm.totItensConcluidos=TB_ATIVIDADES[[#This Row],[Total Tarefas '[=']]],"CONCLUÍDA",IF(_xlpm.totItensNaoIniciados=TB_ATIVIDADES[[#This Row],[Total Tarefas '[=']]],IF(AND(DATE(YEAR(NOW()),MONTH(NOW()),DAY(NOW())) > IFERROR(DATE(YEAR(TB_ATIVIDADES[[#This Row],[Previsão Início '[=']]]),MONTH(TB_ATIVIDADES[[#This Row],[Previsão Início '[=']]]),DAY(TB_ATIVIDADES[[#This Row],[Previsão Início '[=']]])),FALSE)),"INÍCIO COM ATRASO","NÃO INICIADA"),IF(AND(DATE(YEAR(NOW()),MONTH(NOW()),DAY(NOW())) > IFERROR(DATE(YEAR(TB_ATIVIDADES[[#This Row],[Previsão Conclusão '[=']]]),MONTH(TB_ATIVIDADES[[#This Row],[Previsão Conclusão '[=']]]),DAY(TB_ATIVIDADES[[#This Row],[Previsão Conclusão '[=']]])),FALSE)),"CONCLUSÃO COM ATRASO","EM ANDAMENTO")))))) -> -
C31: =IF(TB_FASES[[#This Row],[Fase '[*']]]="","-",COUNTIF(TB_ATIVIDADES[Fase '[*']],TB_FASES[[#This Row],[Fase '[*']]])) -> - | D31: =IF(TB_FASES[[#This Row],[Fase '[*']]]="","-",SUMIF(TB_ATIVIDADES[Fase '[*']],TB_FASES[[#This Row],[Fase '[*']]],TB_ATIVIDADES[Total Tarefas '[=']])) -> - | E31: =IF(TB_FASES[[#This Row],[Fase '[*']]]="","-",_xlfn.LET(_xlpm.tot,COUNTIFS(TB_ATIVIDADES[Fase '[*']],TB_FASES[[#This Row],[Fase '[*']]],TB_ATIVIDADES[Status '[=']],"<>" & "CONCLUÍDA"),_xlpm.tot & IF(TB_FASES[[#This Row],[Total Atividades '[=']]]=0,""," (" & TEXT(_xlpm.tot/TB_FASES[[#This Row],[Total Atividades '[=']]],"0,0%") & ")"))) -> - | F31: =IF(TB_FASES[[#This Row],[Fase '[*']]]="","-",SUMIF(TB_ATIVIDADES[Fase '[*']],TB_FASES[[#This Row],[Fase '[*']]],TB_ATIVIDADES[Esforço Total (min) '[=']])) -> - | G31: =IF(TB_FASES[[#This Row],[Fase '[*']]]="","-",_xlfn.LET(_xlpm.esforcoRealizado,SUMIFS(TB_TAREFAS[Previsão Esforço (min) '[*']],TB_TAREFAS[Fase '[=']],TB_FASES[[#This Row],[Fase '[*']]],TB_TAREFAS[Situação da Execução '[*']],"CONCLUÍDA"),(TB_FASES[[#This Row],[Esforço Total (min) '[=']]]-_xlpm.esforcoRealizado) & IF(TB_FASES[[#This Row],[Esforço Total (min) '[=']]]>0," ("&TEXT((TB_FASES[[#This Row],[Esforço Total (min) '[=']]]-_xlpm.esforcoRealizado)/TB_FASES[[#This Row],[Esforço Total (min) '[=']]],"0,0%")&")",""))) -> - | H31: =IF(TB_FASES[[#This Row],[Fase '[*']]]="","-",_xlfn.LET(_xlpm.dataMin,_xlfn.MINIFS(TB_ATIVIDADES[Previsão Início '[=']],TB_ATIVIDADES[Fase '[*']],TB_FASES[[#This Row],[Fase '[*']]]),IF(_xlpm.dataMin=DATE(1900,1,0),"Indefinida",_xlpm.dataMin))) -> - | I31: =IF(TB_FASES[[#This Row],[Fase '[*']]]="","-",_xlfn.LET(_xlpm.dataMax,_xlfn.MAXIFS(TB_ATIVIDADES[Previsão Conclusão '[=']],TB_ATIVIDADES[Fase '[*']],TB_FASES[[#This Row],[Fase '[*']]]),IF(_xlpm.dataMax=DATE(1900,1,0),"Indefinida",_xlpm.dataMax))) -> - | J31: =IF(TB_FASES[[#This Row],[Fase '[*']]]="","-",IF(TB_FASES[[#This Row],[Total Atividades '[=']]]=0,"-",_xlfn.LET(_xlpm.totAtivNaoConcluidas,COUNTIFS(TB_ATIVIDADES[Fase '[*']],TB_FASES[[#This Row],[Fase '[*']]],TB_ATIVIDADES[Status '[=']],"<>" & "CONCLUÍDA"),_xlpm.totAtivConcluidas,TB_FASES[[#This Row],[Total Atividades '[=']]]-_xlpm.totAtivNaoConcluidas,_xlpm.totAtivNaoIniciadas,COUNTIFS(TB_ATIVIDADES[Fase '[*']],TB_FASES[[#This Row],[Fase '[*']]],TB_ATIVIDADES[Status '[=']],"NÃO INICIADA")+COUNTIFS(TB_ATIVIDADES[Fase '[*']],TB_FASES[[#This Row],[Fase '[*']]],TB_ATIVIDADES[Status '[=']],"INÍCIO COM ATRASO"),IF(_xlpm.totAtivConcluidas=TB_FASES[[#This Row],[Total Atividades '[=']]],"CONCLUÍDA",IF(_xlpm.totAtivNaoIniciadas=TB_FASES[[#This Row],[Total Atividades '[=']]],IF(AND(DATE(YEAR(NOW()),MONTH(NOW()),DAY(NOW())) > IFERROR(DATE(YEAR(TB_FASES[[#This Row],[Previsão Início '[=']]]),MONTH(TB_FASES[[#This Row],[Previsão Início '[=']]]),DAY(TB_FASES[[#This Row],[Previsão Início '[=']]])),FALSE)),"INICIO COM ATRASO","NÃO INICIADA"),IF(AND(DATE(YEAR(NOW()),MONTH(NOW()),DAY(NOW())) > IFERROR(DATE(YEAR(TB_FASES[[#This Row],[Previsão Conclusão '[=']]]),MONTH(TB_FASES[[#This Row],[Previsão Conclusão '[=']]]),DAY(TB_FASES[[#This Row],[Previsão Conclusão '[=']]])),FALSE)),"CONCLUSÃO COM ATRASO","EM ANDAMENTO")))))) -> - | N31: =IF(OR(TB_ATIVIDADES[[#This Row],[Atividade '[*']]]="",TB_ATIVIDADES[[#This Row],[Fase '[*']]]=""),"-",COUNTIF(TB_TAREFAS[Atividade '[*']],TB_ATIVIDADES[[#This Row],[Atividade '[*']]])) -> - | O31: =IF(OR(TB_ATIVIDADES[[#This Row],[Atividade '[*']]]="",TB_ATIVIDADES[[#This Row],[Fase '[*']]]=""),"-",_xlfn.LET(_xlpm.tot,COUNTIFS(TB_TAREFAS[Atividade '[*']],TB_ATIVIDADES[[#This Row],[Atividade '[*']]],TB_TAREFAS[Situação da Execução '[*']],"<>" & "CONCLUÍDA",TB_TAREFAS[Situação da Execução '[*']],"<>"&"DESNECESSÁRIA"),_xlpm.tot & IF(TB_ATIVIDADES[[#This Row],[Total Tarefas '[=']]]=0,""," (" & TEXT(_xlpm.tot/TB_ATIVIDADES[[#This Row],[Total Tarefas '[=']]],"0,0%") & ")"))) -> - | P31: =IF(OR(TB_ATIVIDADES[[#This Row],[Atividade '[*']]]="",TB_ATIVIDADES[[#This Row],[Fase '[*']]]=""),"-",SUMIF(TB_TAREFAS[Atividade '[*']],TB_ATIVIDADES[[#This Row],[Atividade '[*']]],TB_TAREFAS[Previsão Esforço (min) '[*']])) -> - | Q31: =IF(OR(TB_ATIVIDADES[[#This Row],[Atividade '[*']]]="",TB_ATIVIDADES[[#This Row],[Fase '[*']]]=""),"-",_xlfn.LET(_xlpm.esforçoRealizado,SUMIFS(TB_TAREFAS[Previsão Esforço (min) '[*']],TB_TAREFAS[Atividade '[*']],TB_ATIVIDADES[[#This Row],[Atividade '[*']]],TB_TAREFAS[Situação da Execução '[*']],"CONCLUÍDA")+SUMIFS(TB_TAREFAS[Previsão Esforço (min) '[*']],TB_TAREFAS[Atividade '[*']],TB_ATIVIDADES[[#This Row],[Atividade '[*']]],TB_TAREFAS[Situação da Execução '[*']],"DESNECESSÁRIA"),TB_ATIVIDADES[[#This Row],[Esforço Total (min) '[=']]]-_xlpm.esforçoRealizado & IF(TB_ATIVIDADES[[#This Row],[Esforço Total (min) '[=']]]=0,""," (" & TEXT((TB_ATIVIDADES[[#This Row],[Esforço Total (min) '[=']]]-_xlpm.esforçoRealizado) / TB_ATIVIDADES[[#This Row],[Esforço Total (min) '[=']]],"0,0%") & ")"))) -> - | R31: =IF(OR(TB_ATIVIDADES[[#This Row],[Atividade '[*']]]="",TB_ATIVIDADES[[#This Row],[Fase '[*']]]=""),"-",_xlfn.LET(_xlpm.dataMin,_xlfn.MINIFS(TB_TAREFAS[Previsão Início '[*']],TB_TAREFAS[Atividade '[*']],TB_ATIVIDADES[[#This Row],[Atividade '[*']]]),IF(_xlpm.dataMin=0,"-",_xlpm.dataMin))) -> - | S31: =IF(OR(TB_ATIVIDADES[[#This Row],[Atividade '[*']]]="",TB_ATIVIDADES[[#This Row],[Fase '[*']]]=""),"-",_xlfn.LET(_xlpm.dataMax,_xlfn.MAXIFS(TB_TAREFAS[Previsão Conclusão '[*']],TB_TAREFAS[Atividade '[*']],TB_ATIVIDADES[[#This Row],[Atividade '[*']]]),IF(_xlpm.dataMax=0,"-",_xlpm.dataMax))) -> - | T31: =IF(OR(TB_ATIVIDADES[[#This Row],[Atividade '[*']]]="",TB_ATIVIDADES[[#This Row],[Fase '[*']]]=""),"-",IF(TB_ATIVIDADES[[#This Row],[Total Tarefas '[=']]]=0,"-",_xlfn.LET(_xlpm.totItensNaoConcluidos,COUNTIFS(TB_TAREFAS[Atividade '[*']],TB_ATIVIDADES[[#This Row],[Atividade '[*']]],TB_TAREFAS[Situação da Execução '[*']],"<>" & "CONCLUÍDA",TB_TAREFAS[Situação da Execução '[*']],"<>" & "DESNECESSÁRIA"),_xlpm.totItensConcluidos,TB_ATIVIDADES[[#This Row],[Total Tarefas '[=']]]-_xlpm.totItensNaoConcluidos,_xlpm.totItensNaoIniciados,COUNTIFS(TB_TAREFAS[Atividade '[*']],TB_ATIVIDADES[[#This Row],[Atividade '[*']]],TB_TAREFAS[Situação da Execução '[*']],"NÃO INICIADA"),IF(_xlpm.totItensConcluidos=TB_ATIVIDADES[[#This Row],[Total Tarefas '[=']]],"CONCLUÍDA",IF(_xlpm.totItensNaoIniciados=TB_ATIVIDADES[[#This Row],[Total Tarefas '[=']]],IF(AND(DATE(YEAR(NOW()),MONTH(NOW()),DAY(NOW())) > IFERROR(DATE(YEAR(TB_ATIVIDADES[[#This Row],[Previsão Início '[=']]]),MONTH(TB_ATIVIDADES[[#This Row],[Previsão Início '[=']]]),DAY(TB_ATIVIDADES[[#This Row],[Previsão Início '[=']]])),FALSE)),"INÍCIO COM ATRASO","NÃO INICIADA"),IF(AND(DATE(YEAR(NOW()),MONTH(NOW()),DAY(NOW())) > IFERROR(DATE(YEAR(TB_ATIVIDADES[[#This Row],[Previsão Conclusão '[=']]]),MONTH(TB_ATIVIDADES[[#This Row],[Previsão Conclusão '[=']]]),DAY(TB_ATIVIDADES[[#This Row],[Previsão Conclusão '[=']]])),FALSE)),"CONCLUSÃO COM ATRASO","EM ANDAMENTO")))))) -> -
C32: =IF(TB_FASES[[#This Row],[Fase '[*']]]="","-",COUNTIF(TB_ATIVIDADES[Fase '[*']],TB_FASES[[#This Row],[Fase '[*']]])) -> - | D32: =IF(TB_FASES[[#This Row],[Fase '[*']]]="","-",SUMIF(TB_ATIVIDADES[Fase '[*']],TB_FASES[[#This Row],[Fase '[*']]],TB_ATIVIDADES[Total Tarefas '[=']])) -> - | E32: =IF(TB_FASES[[#This Row],[Fase '[*']]]="","-",_xlfn.LET(_xlpm.tot,COUNTIFS(TB_ATIVIDADES[Fase '[*']],TB_FASES[[#This Row],[Fase '[*']]],TB_ATIVIDADES[Status '[=']],"<>" & "CONCLUÍDA"),_xlpm.tot & IF(TB_FASES[[#This Row],[Total Atividades '[=']]]=0,""," (" & TEXT(_xlpm.tot/TB_FASES[[#This Row],[Total Atividades '[=']]],"0,0%") & ")"))) -> - | F32: =IF(TB_FASES[[#This Row],[Fase '[*']]]="","-",SUMIF(TB_ATIVIDADES[Fase '[*']],TB_FASES[[#This Row],[Fase '[*']]],TB_ATIVIDADES[Esforço Total (min) '[=']])) -> - | G32: =IF(TB_FASES[[#This Row],[Fase '[*']]]="","-",_xlfn.LET(_xlpm.esforcoRealizado,SUMIFS(TB_TAREFAS[Previsão Esforço (min) '[*']],TB_TAREFAS[Fase '[=']],TB_FASES[[#This Row],[Fase '[*']]],TB_TAREFAS[Situação da Execução '[*']],"CONCLUÍDA"),(TB_FASES[[#This Row],[Esforço Total (min) '[=']]]-_xlpm.esforcoRealizado) & IF(TB_FASES[[#This Row],[Esforço Total (min) '[=']]]>0," ("&TEXT((TB_FASES[[#This Row],[Esforço Total (min) '[=']]]-_xlpm.esforcoRealizado)/TB_FASES[[#This Row],[Esforço Total (min) '[=']]],"0,0%")&")",""))) -> - | H32: =IF(TB_FASES[[#This Row],[Fase '[*']]]="","-",_xlfn.LET(_xlpm.dataMin,_xlfn.MINIFS(TB_ATIVIDADES[Previsão Início '[=']],TB_ATIVIDADES[Fase '[*']],TB_FASES[[#This Row],[Fase '[*']]]),IF(_xlpm.dataMin=DATE(1900,1,0),"Indefinida",_xlpm.dataMin))) -> - | I32: =IF(TB_FASES[[#This Row],[Fase '[*']]]="","-",_xlfn.LET(_xlpm.dataMax,_xlfn.MAXIFS(TB_ATIVIDADES[Previsão Conclusão '[=']],TB_ATIVIDADES[Fase '[*']],TB_FASES[[#This Row],[Fase '[*']]]),IF(_xlpm.dataMax=DATE(1900,1,0),"Indefinida",_xlpm.dataMax))) -> - | J32: =IF(TB_FASES[[#This Row],[Fase '[*']]]="","-",IF(TB_FASES[[#This Row],[Total Atividades '[=']]]=0,"-",_xlfn.LET(_xlpm.totAtivNaoConcluidas,COUNTIFS(TB_ATIVIDADES[Fase '[*']],TB_FASES[[#This Row],[Fase '[*']]],TB_ATIVIDADES[Status '[=']],"<>" & "CONCLUÍDA"),_xlpm.totAtivConcluidas,TB_FASES[[#This Row],[Total Atividades '[=']]]-_xlpm.totAtivNaoConcluidas,_xlpm.totAtivNaoIniciadas,COUNTIFS(TB_ATIVIDADES[Fase '[*']],TB_FASES[[#This Row],[Fase '[*']]],TB_ATIVIDADES[Status '[=']],"NÃO INICIADA")+COUNTIFS(TB_ATIVIDADES[Fase '[*']],TB_FASES[[#This Row],[Fase '[*']]],TB_ATIVIDADES[Status '[=']],"INÍCIO COM ATRASO"),IF(_xlpm.totAtivConcluidas=TB_FASES[[#This Row],[Total Atividades '[=']]],"CONCLUÍDA",IF(_xlpm.totAtivNaoIniciadas=TB_FASES[[#This Row],[Total Atividades '[=']]],IF(AND(DATE(YEAR(NOW()),MONTH(NOW()),DAY(NOW())) > IFERROR(DATE(YEAR(TB_FASES[[#This Row],[Previsão Início '[=']]]),MONTH(TB_FASES[[#This Row],[Previsão Início '[=']]]),DAY(TB_FASES[[#This Row],[Previsão Início '[=']]])),FALSE)),"INICIO COM ATRASO","NÃO INICIADA"),IF(AND(DATE(YEAR(NOW()),MONTH(NOW()),DAY(NOW())) > IFERROR(DATE(YEAR(TB_FASES[[#This Row],[Previsão Conclusão '[=']]]),MONTH(TB_FASES[[#This Row],[Previsão Conclusão '[=']]]),DAY(TB_FASES[[#This Row],[Previsão Conclusão '[=']]])),FALSE)),"CONCLUSÃO COM ATRASO","EM ANDAMENTO")))))) -> - | N32: =IF(OR(TB_ATIVIDADES[[#This Row],[Atividade '[*']]]="",TB_ATIVIDADES[[#This Row],[Fase '[*']]]=""),"-",COUNTIF(TB_TAREFAS[Atividade '[*']],TB_ATIVIDADES[[#This Row],[Atividade '[*']]])) -> - | O32: =IF(OR(TB_ATIVIDADES[[#This Row],[Atividade '[*']]]="",TB_ATIVIDADES[[#This Row],[Fase '[*']]]=""),"-",_xlfn.LET(_xlpm.tot,COUNTIFS(TB_TAREFAS[Atividade '[*']],TB_ATIVIDADES[[#This Row],[Atividade '[*']]],TB_TAREFAS[Situação da Execução '[*']],"<>" & "CONCLUÍDA",TB_TAREFAS[Situação da Execução '[*']],"<>"&"DESNECESSÁRIA"),_xlpm.tot & IF(TB_ATIVIDADES[[#This Row],[Total Tarefas '[=']]]=0,""," (" & TEXT(_xlpm.tot/TB_ATIVIDADES[[#This Row],[Total Tarefas '[=']]],"0,0%") & ")"))) -> - | P32: =IF(OR(TB_ATIVIDADES[[#This Row],[Atividade '[*']]]="",TB_ATIVIDADES[[#This Row],[Fase '[*']]]=""),"-",SUMIF(TB_TAREFAS[Atividade '[*']],TB_ATIVIDADES[[#This Row],[Atividade '[*']]],TB_TAREFAS[Previsão Esforço (min) '[*']])) -> - | Q32: =IF(OR(TB_ATIVIDADES[[#This Row],[Atividade '[*']]]="",TB_ATIVIDADES[[#This Row],[Fase '[*']]]=""),"-",_xlfn.LET(_xlpm.esforçoRealizado,SUMIFS(TB_TAREFAS[Previsão Esforço (min) '[*']],TB_TAREFAS[Atividade '[*']],TB_ATIVIDADES[[#This Row],[Atividade '[*']]],TB_TAREFAS[Situação da Execução '[*']],"CONCLUÍDA")+SUMIFS(TB_TAREFAS[Previsão Esforço (min) '[*']],TB_TAREFAS[Atividade '[*']],TB_ATIVIDADES[[#This Row],[Atividade '[*']]],TB_TAREFAS[Situação da Execução '[*']],"DESNECESSÁRIA"),TB_ATIVIDADES[[#This Row],[Esforço Total (min) '[=']]]-_xlpm.esforçoRealizado & IF(TB_ATIVIDADES[[#This Row],[Esforço Total (min) '[=']]]=0,""," (" & TEXT((TB_ATIVIDADES[[#This Row],[Esforço Total (min) '[=']]]-_xlpm.esforçoRealizado) / TB_ATIVIDADES[[#This Row],[Esforço Total (min) '[=']]],"0,0%") & ")"))) -> - | R32: =IF(OR(TB_ATIVIDADES[[#This Row],[Atividade '[*']]]="",TB_ATIVIDADES[[#This Row],[Fase '[*']]]=""),"-",_xlfn.LET(_xlpm.dataMin,_xlfn.MINIFS(TB_TAREFAS[Previsão Início '[*']],TB_TAREFAS[Atividade '[*']],TB_ATIVIDADES[[#This Row],[Atividade '[*']]]),IF(_xlpm.dataMin=0,"-",_xlpm.dataMin))) -> - | S32: =IF(OR(TB_ATIVIDADES[[#This Row],[Atividade '[*']]]="",TB_ATIVIDADES[[#This Row],[Fase '[*']]]=""),"-",_xlfn.LET(_xlpm.dataMax,_xlfn.MAXIFS(TB_TAREFAS[Previsão Conclusão '[*']],TB_TAREFAS[Atividade '[*']],TB_ATIVIDADES[[#This Row],[Atividade '[*']]]),IF(_xlpm.dataMax=0,"-",_xlpm.dataMax))) -> - | T32: =IF(OR(TB_ATIVIDADES[[#This Row],[Atividade '[*']]]="",TB_ATIVIDADES[[#This Row],[Fase '[*']]]=""),"-",IF(TB_ATIVIDADES[[#This Row],[Total Tarefas '[=']]]=0,"-",_xlfn.LET(_xlpm.totItensNaoConcluidos,COUNTIFS(TB_TAREFAS[Atividade '[*']],TB_ATIVIDADES[[#This Row],[Atividade '[*']]],TB_TAREFAS[Situação da Execução '[*']],"<>" & "CONCLUÍDA",TB_TAREFAS[Situação da Execução '[*']],"<>" & "DESNECESSÁRIA"),_xlpm.totItensConcluidos,TB_ATIVIDADES[[#This Row],[Total Tarefas '[=']]]-_xlpm.totItensNaoConcluidos,_xlpm.totItensNaoIniciados,COUNTIFS(TB_TAREFAS[Atividade '[*']],TB_ATIVIDADES[[#This Row],[Atividade '[*']]],TB_TAREFAS[Situação da Execução '[*']],"NÃO INICIADA"),IF(_xlpm.totItensConcluidos=TB_ATIVIDADES[[#This Row],[Total Tarefas '[=']]],"CONCLUÍDA",IF(_xlpm.totItensNaoIniciados=TB_ATIVIDADES[[#This Row],[Total Tarefas '[=']]],IF(AND(DATE(YEAR(NOW()),MONTH(NOW()),DAY(NOW())) > IFERROR(DATE(YEAR(TB_ATIVIDADES[[#This Row],[Previsão Início '[=']]]),MONTH(TB_ATIVIDADES[[#This Row],[Previsão Início '[=']]]),DAY(TB_ATIVIDADES[[#This Row],[Previsão Início '[=']]])),FALSE)),"INÍCIO COM ATRASO","NÃO INICIADA"),IF(AND(DATE(YEAR(NOW()),MONTH(NOW()),DAY(NOW())) > IFERROR(DATE(YEAR(TB_ATIVIDADES[[#This Row],[Previsão Conclusão '[=']]]),MONTH(TB_ATIVIDADES[[#This Row],[Previsão Conclusão '[=']]]),DAY(TB_ATIVIDADES[[#This Row],[Previsão Conclusão '[=']]])),FALSE)),"CONCLUSÃO COM ATRASO","EM ANDAMENTO")))))) -> -
C33: =IF(TB_FASES[[#This Row],[Fase '[*']]]="","-",COUNTIF(TB_ATIVIDADES[Fase '[*']],TB_FASES[[#This Row],[Fase '[*']]])) -> - | D33: =IF(TB_FASES[[#This Row],[Fase '[*']]]="","-",SUMIF(TB_ATIVIDADES[Fase '[*']],TB_FASES[[#This Row],[Fase '[*']]],TB_ATIVIDADES[Total Tarefas '[=']])) -> - | E33: =IF(TB_FASES[[#This Row],[Fase '[*']]]="","-",_xlfn.LET(_xlpm.tot,COUNTIFS(TB_ATIVIDADES[Fase '[*']],TB_FASES[[#This Row],[Fase '[*']]],TB_ATIVIDADES[Status '[=']],"<>" & "CONCLUÍDA"),_xlpm.tot & IF(TB_FASES[[#This Row],[Total Atividades '[=']]]=0,""," (" & TEXT(_xlpm.tot/TB_FASES[[#This Row],[Total Atividades '[=']]],"0,0%") & ")"))) -> - | F33: =IF(TB_FASES[[#This Row],[Fase '[*']]]="","-",SUMIF(TB_ATIVIDADES[Fase '[*']],TB_FASES[[#This Row],[Fase '[*']]],TB_ATIVIDADES[Esforço Total (min) '[=']])) -> - | G33: =IF(TB_FASES[[#This Row],[Fase '[*']]]="","-",_xlfn.LET(_xlpm.esforcoRealizado,SUMIFS(TB_TAREFAS[Previsão Esforço (min) '[*']],TB_TAREFAS[Fase '[=']],TB_FASES[[#This Row],[Fase '[*']]],TB_TAREFAS[Situação da Execução '[*']],"CONCLUÍDA"),(TB_FASES[[#This Row],[Esforço Total (min) '[=']]]-_xlpm.esforcoRealizado) & IF(TB_FASES[[#This Row],[Esforço Total (min) '[=']]]>0," ("&TEXT((TB_FASES[[#This Row],[Esforço Total (min) '[=']]]-_xlpm.esforcoRealizado)/TB_FASES[[#This Row],[Esforço Total (min) '[=']]],"0,0%")&")",""))) -> - | H33: =IF(TB_FASES[[#This Row],[Fase '[*']]]="","-",_xlfn.LET(_xlpm.dataMin,_xlfn.MINIFS(TB_ATIVIDADES[Previsão Início '[=']],TB_ATIVIDADES[Fase '[*']],TB_FASES[[#This Row],[Fase '[*']]]),IF(_xlpm.dataMin=DATE(1900,1,0),"Indefinida",_xlpm.dataMin))) -> - | I33: =IF(TB_FASES[[#This Row],[Fase '[*']]]="","-",_xlfn.LET(_xlpm.dataMax,_xlfn.MAXIFS(TB_ATIVIDADES[Previsão Conclusão '[=']],TB_ATIVIDADES[Fase '[*']],TB_FASES[[#This Row],[Fase '[*']]]),IF(_xlpm.dataMax=DATE(1900,1,0),"Indefinida",_xlpm.dataMax))) -> - | J33: =IF(TB_FASES[[#This Row],[Fase '[*']]]="","-",IF(TB_FASES[[#This Row],[Total Atividades '[=']]]=0,"-",_xlfn.LET(_xlpm.totAtivNaoConcluidas,COUNTIFS(TB_ATIVIDADES[Fase '[*']],TB_FASES[[#This Row],[Fase '[*']]],TB_ATIVIDADES[Status '[=']],"<>" & "CONCLUÍDA"),_xlpm.totAtivConcluidas,TB_FASES[[#This Row],[Total Atividades '[=']]]-_xlpm.totAtivNaoConcluidas,_xlpm.totAtivNaoIniciadas,COUNTIFS(TB_ATIVIDADES[Fase '[*']],TB_FASES[[#This Row],[Fase '[*']]],TB_ATIVIDADES[Status '[=']],"NÃO INICIADA")+COUNTIFS(TB_ATIVIDADES[Fase '[*']],TB_FASES[[#This Row],[Fase '[*']]],TB_ATIVIDADES[Status '[=']],"INÍCIO COM ATRASO"),IF(_xlpm.totAtivConcluidas=TB_FASES[[#This Row],[Total Atividades '[=']]],"CONCLUÍDA",IF(_xlpm.totAtivNaoIniciadas=TB_FASES[[#This Row],[Total Atividades '[=']]],IF(AND(DATE(YEAR(NOW()),MONTH(NOW()),DAY(NOW())) > IFERROR(DATE(YEAR(TB_FASES[[#This Row],[Previsão Início '[=']]]),MONTH(TB_FASES[[#This Row],[Previsão Início '[=']]]),DAY(TB_FASES[[#This Row],[Previsão Início '[=']]])),FALSE)),"INICIO COM ATRASO","NÃO INICIADA"),IF(AND(DATE(YEAR(NOW()),MONTH(NOW()),DAY(NOW())) > IFERROR(DATE(YEAR(TB_FASES[[#This Row],[Previsão Conclusão '[=']]]),MONTH(TB_FASES[[#This Row],[Previsão Conclusão '[=']]]),DAY(TB_FASES[[#This Row],[Previsão Conclusão '[=']]])),FALSE)),"CONCLUSÃO COM ATRASO","EM ANDAMENTO")))))) -> - | N33: =IF(OR(TB_ATIVIDADES[[#This Row],[Atividade '[*']]]="",TB_ATIVIDADES[[#This Row],[Fase '[*']]]=""),"-",COUNTIF(TB_TAREFAS[Atividade '[*']],TB_ATIVIDADES[[#This Row],[Atividade '[*']]])) -> - | O33: =IF(OR(TB_ATIVIDADES[[#This Row],[Atividade '[*']]]="",TB_ATIVIDADES[[#This Row],[Fase '[*']]]=""),"-",_xlfn.LET(_xlpm.tot,COUNTIFS(TB_TAREFAS[Atividade '[*']],TB_ATIVIDADES[[#This Row],[Atividade '[*']]],TB_TAREFAS[Situação da Execução '[*']],"<>" & "CONCLUÍDA",TB_TAREFAS[Situação da Execução '[*']],"<>"&"DESNECESSÁRIA"),_xlpm.tot & IF(TB_ATIVIDADES[[#This Row],[Total Tarefas '[=']]]=0,""," (" & TEXT(_xlpm.tot/TB_ATIVIDADES[[#This Row],[Total Tarefas '[=']]],"0,0%") & ")"))) -> - | P33: =IF(OR(TB_ATIVIDADES[[#This Row],[Atividade '[*']]]="",TB_ATIVIDADES[[#This Row],[Fase '[*']]]=""),"-",SUMIF(TB_TAREFAS[Atividade '[*']],TB_ATIVIDADES[[#This Row],[Atividade '[*']]],TB_TAREFAS[Previsão Esforço (min) '[*']])) -> - | Q33: =IF(OR(TB_ATIVIDADES[[#This Row],[Atividade '[*']]]="",TB_ATIVIDADES[[#This Row],[Fase '[*']]]=""),"-",_xlfn.LET(_xlpm.esforçoRealizado,SUMIFS(TB_TAREFAS[Previsão Esforço (min) '[*']],TB_TAREFAS[Atividade '[*']],TB_ATIVIDADES[[#This Row],[Atividade '[*']]],TB_TAREFAS[Situação da Execução '[*']],"CONCLUÍDA")+SUMIFS(TB_TAREFAS[Previsão Esforço (min) '[*']],TB_TAREFAS[Atividade '[*']],TB_ATIVIDADES[[#This Row],[Atividade '[*']]],TB_TAREFAS[Situação da Execução '[*']],"DESNECESSÁRIA"),TB_ATIVIDADES[[#This Row],[Esforço Total (min) '[=']]]-_xlpm.esforçoRealizado & IF(TB_ATIVIDADES[[#This Row],[Esforço Total (min) '[=']]]=0,""," (" & TEXT((TB_ATIVIDADES[[#This Row],[Esforço Total (min) '[=']]]-_xlpm.esforçoRealizado) / TB_ATIVIDADES[[#This Row],[Esforço Total (min) '[=']]],"0,0%") & ")"))) -> - | R33: =IF(OR(TB_ATIVIDADES[[#This Row],[Atividade '[*']]]="",TB_ATIVIDADES[[#This Row],[Fase '[*']]]=""),"-",_xlfn.LET(_xlpm.dataMin,_xlfn.MINIFS(TB_TAREFAS[Previsão Início '[*']],TB_TAREFAS[Atividade '[*']],TB_ATIVIDADES[[#This Row],[Atividade '[*']]]),IF(_xlpm.dataMin=0,"-",_xlpm.dataMin))) -> - | S33: =IF(OR(TB_ATIVIDADES[[#This Row],[Atividade '[*']]]="",TB_ATIVIDADES[[#This Row],[Fase '[*']]]=""),"-",_xlfn.LET(_xlpm.dataMax,_xlfn.MAXIFS(TB_TAREFAS[Previsão Conclusão '[*']],TB_TAREFAS[Atividade '[*']],TB_ATIVIDADES[[#This Row],[Atividade '[*']]]),IF(_xlpm.dataMax=0,"-",_xlpm.dataMax))) -> - | T33: =IF(OR(TB_ATIVIDADES[[#This Row],[Atividade '[*']]]="",TB_ATIVIDADES[[#This Row],[Fase '[*']]]=""),"-",IF(TB_ATIVIDADES[[#This Row],[Total Tarefas '[=']]]=0,"-",_xlfn.LET(_xlpm.totItensNaoConcluidos,COUNTIFS(TB_TAREFAS[Atividade '[*']],TB_ATIVIDADES[[#This Row],[Atividade '[*']]],TB_TAREFAS[Situação da Execução '[*']],"<>" & "CONCLUÍDA",TB_TAREFAS[Situação da Execução '[*']],"<>" & "DESNECESSÁRIA"),_xlpm.totItensConcluidos,TB_ATIVIDADES[[#This Row],[Total Tarefas '[=']]]-_xlpm.totItensNaoConcluidos,_xlpm.totItensNaoIniciados,COUNTIFS(TB_TAREFAS[Atividade '[*']],TB_ATIVIDADES[[#This Row],[Atividade '[*']]],TB_TAREFAS[Situação da Execução '[*']],"NÃO INICIADA"),IF(_xlpm.totItensConcluidos=TB_ATIVIDADES[[#This Row],[Total Tarefas '[=']]],"CONCLUÍDA",IF(_xlpm.totItensNaoIniciados=TB_ATIVIDADES[[#This Row],[Total Tarefas '[=']]],IF(AND(DATE(YEAR(NOW()),MONTH(NOW()),DAY(NOW())) > IFERROR(DATE(YEAR(TB_ATIVIDADES[[#This Row],[Previsão Início '[=']]]),MONTH(TB_ATIVIDADES[[#This Row],[Previsão Início '[=']]]),DAY(TB_ATIVIDADES[[#This Row],[Previsão Início '[=']]])),FALSE)),"INÍCIO COM ATRASO","NÃO INICIADA"),IF(AND(DATE(YEAR(NOW()),MONTH(NOW()),DAY(NOW())) > IFERROR(DATE(YEAR(TB_ATIVIDADES[[#This Row],[Previsão Conclusão '[=']]]),MONTH(TB_ATIVIDADES[[#This Row],[Previsão Conclusão '[=']]]),DAY(TB_ATIVIDADES[[#This Row],[Previsão Conclusão '[=']]])),FALSE)),"CONCLUSÃO COM ATRASO","EM ANDAMENTO")))))) -> -
C34: =IF(TB_FASES[[#This Row],[Fase '[*']]]="","-",COUNTIF(TB_ATIVIDADES[Fase '[*']],TB_FASES[[#This Row],[Fase '[*']]])) -> - | D34: =IF(TB_FASES[[#This Row],[Fase '[*']]]="","-",SUMIF(TB_ATIVIDADES[Fase '[*']],TB_FASES[[#This Row],[Fase '[*']]],TB_ATIVIDADES[Total Tarefas '[=']])) -> - | E34: =IF(TB_FASES[[#This Row],[Fase '[*']]]="","-",_xlfn.LET(_xlpm.tot,COUNTIFS(TB_ATIVIDADES[Fase '[*']],TB_FASES[[#This Row],[Fase '[*']]],TB_ATIVIDADES[Status '[=']],"<>" & "CONCLUÍDA"),_xlpm.tot & IF(TB_FASES[[#This Row],[Total Atividades '[=']]]=0,""," (" & TEXT(_xlpm.tot/TB_FASES[[#This Row],[Total Atividades '[=']]],"0,0%") & ")"))) -> - | F34: =IF(TB_FASES[[#This Row],[Fase '[*']]]="","-",SUMIF(TB_ATIVIDADES[Fase '[*']],TB_FASES[[#This Row],[Fase '[*']]],TB_ATIVIDADES[Esforço Total (min) '[=']])) -> - | G34: =IF(TB_FASES[[#This Row],[Fase '[*']]]="","-",_xlfn.LET(_xlpm.esforcoRealizado,SUMIFS(TB_TAREFAS[Previsão Esforço (min) '[*']],TB_TAREFAS[Fase '[=']],TB_FASES[[#This Row],[Fase '[*']]],TB_TAREFAS[Situação da Execução '[*']],"CONCLUÍDA"),(TB_FASES[[#This Row],[Esforço Total (min) '[=']]]-_xlpm.esforcoRealizado) & IF(TB_FASES[[#This Row],[Esforço Total (min) '[=']]]>0," ("&TEXT((TB_FASES[[#This Row],[Esforço Total (min) '[=']]]-_xlpm.esforcoRealizado)/TB_FASES[[#This Row],[Esforço Total (min) '[=']]],"0,0%")&")",""))) -> - | H34: =IF(TB_FASES[[#This Row],[Fase '[*']]]="","-",_xlfn.LET(_xlpm.dataMin,_xlfn.MINIFS(TB_ATIVIDADES[Previsão Início '[=']],TB_ATIVIDADES[Fase '[*']],TB_FASES[[#This Row],[Fase '[*']]]),IF(_xlpm.dataMin=DATE(1900,1,0),"Indefinida",_xlpm.dataMin))) -> - | I34: =IF(TB_FASES[[#This Row],[Fase '[*']]]="","-",_xlfn.LET(_xlpm.dataMax,_xlfn.MAXIFS(TB_ATIVIDADES[Previsão Conclusão '[=']],TB_ATIVIDADES[Fase '[*']],TB_FASES[[#This Row],[Fase '[*']]]),IF(_xlpm.dataMax=DATE(1900,1,0),"Indefinida",_xlpm.dataMax))) -> - | J34: =IF(TB_FASES[[#This Row],[Fase '[*']]]="","-",IF(TB_FASES[[#This Row],[Total Atividades '[=']]]=0,"-",_xlfn.LET(_xlpm.totAtivNaoConcluidas,COUNTIFS(TB_ATIVIDADES[Fase '[*']],TB_FASES[[#This Row],[Fase '[*']]],TB_ATIVIDADES[Status '[=']],"<>" & "CONCLUÍDA"),_xlpm.totAtivConcluidas,TB_FASES[[#This Row],[Total Atividades '[=']]]-_xlpm.totAtivNaoConcluidas,_xlpm.totAtivNaoIniciadas,COUNTIFS(TB_ATIVIDADES[Fase '[*']],TB_FASES[[#This Row],[Fase '[*']]],TB_ATIVIDADES[Status '[=']],"NÃO INICIADA")+COUNTIFS(TB_ATIVIDADES[Fase '[*']],TB_FASES[[#This Row],[Fase '[*']]],TB_ATIVIDADES[Status '[=']],"INÍCIO COM ATRASO"),IF(_xlpm.totAtivConcluidas=TB_FASES[[#This Row],[Total Atividades '[=']]],"CONCLUÍDA",IF(_xlpm.totAtivNaoIniciadas=TB_FASES[[#This Row],[Total Atividades '[=']]],IF(AND(DATE(YEAR(NOW()),MONTH(NOW()),DAY(NOW())) > IFERROR(DATE(YEAR(TB_FASES[[#This Row],[Previsão Início '[=']]]),MONTH(TB_FASES[[#This Row],[Previsão Início '[=']]]),DAY(TB_FASES[[#This Row],[Previsão Início '[=']]])),FALSE)),"INICIO COM ATRASO","NÃO INICIADA"),IF(AND(DATE(YEAR(NOW()),MONTH(NOW()),DAY(NOW())) > IFERROR(DATE(YEAR(TB_FASES[[#This Row],[Previsão Conclusão '[=']]]),MONTH(TB_FASES[[#This Row],[Previsão Conclusão '[=']]]),DAY(TB_FASES[[#This Row],[Previsão Conclusão '[=']]])),FALSE)),"CONCLUSÃO COM ATRASO","EM ANDAMENTO")))))) -> - | N34: =IF(OR(TB_ATIVIDADES[[#This Row],[Atividade '[*']]]="",TB_ATIVIDADES[[#This Row],[Fase '[*']]]=""),"-",COUNTIF(TB_TAREFAS[Atividade '[*']],TB_ATIVIDADES[[#This Row],[Atividade '[*']]])) -> - | O34: =IF(OR(TB_ATIVIDADES[[#This Row],[Atividade '[*']]]="",TB_ATIVIDADES[[#This Row],[Fase '[*']]]=""),"-",_xlfn.LET(_xlpm.tot,COUNTIFS(TB_TAREFAS[Atividade '[*']],TB_ATIVIDADES[[#This Row],[Atividade '[*']]],TB_TAREFAS[Situação da Execução '[*']],"<>" & "CONCLUÍDA",TB_TAREFAS[Situação da Execução '[*']],"<>"&"DESNECESSÁRIA"),_xlpm.tot & IF(TB_ATIVIDADES[[#This Row],[Total Tarefas '[=']]]=0,""," (" & TEXT(_xlpm.tot/TB_ATIVIDADES[[#This Row],[Total Tarefas '[=']]],"0,0%") & ")"))) -> - | P34: =IF(OR(TB_ATIVIDADES[[#This Row],[Atividade '[*']]]="",TB_ATIVIDADES[[#This Row],[Fase '[*']]]=""),"-",SUMIF(TB_TAREFAS[Atividade '[*']],TB_ATIVIDADES[[#This Row],[Atividade '[*']]],TB_TAREFAS[Previsão Esforço (min) '[*']])) -> - | Q34: =IF(OR(TB_ATIVIDADES[[#This Row],[Atividade '[*']]]="",TB_ATIVIDADES[[#This Row],[Fase '[*']]]=""),"-",_xlfn.LET(_xlpm.esforçoRealizado,SUMIFS(TB_TAREFAS[Previsão Esforço (min) '[*']],TB_TAREFAS[Atividade '[*']],TB_ATIVIDADES[[#This Row],[Atividade '[*']]],TB_TAREFAS[Situação da Execução '[*']],"CONCLUÍDA")+SUMIFS(TB_TAREFAS[Previsão Esforço (min) '[*']],TB_TAREFAS[Atividade '[*']],TB_ATIVIDADES[[#This Row],[Atividade '[*']]],TB_TAREFAS[Situação da Execução '[*']],"DESNECESSÁRIA"),TB_ATIVIDADES[[#This Row],[Esforço Total (min) '[=']]]-_xlpm.esforçoRealizado & IF(TB_ATIVIDADES[[#This Row],[Esforço Total (min) '[=']]]=0,""," (" & TEXT((TB_ATIVIDADES[[#This Row],[Esforço Total (min) '[=']]]-_xlpm.esforçoRealizado) / TB_ATIVIDADES[[#This Row],[Esforço Total (min) '[=']]],"0,0%") & ")"))) -> - | R34: =IF(OR(TB_ATIVIDADES[[#This Row],[Atividade '[*']]]="",TB_ATIVIDADES[[#This Row],[Fase '[*']]]=""),"-",_xlfn.LET(_xlpm.dataMin,_xlfn.MINIFS(TB_TAREFAS[Previsão Início '[*']],TB_TAREFAS[Atividade '[*']],TB_ATIVIDADES[[#This Row],[Atividade '[*']]]),IF(_xlpm.dataMin=0,"-",_xlpm.dataMin))) -> - | S34: =IF(OR(TB_ATIVIDADES[[#This Row],[Atividade '[*']]]="",TB_ATIVIDADES[[#This Row],[Fase '[*']]]=""),"-",_xlfn.LET(_xlpm.dataMax,_xlfn.MAXIFS(TB_TAREFAS[Previsão Conclusão '[*']],TB_TAREFAS[Atividade '[*']],TB_ATIVIDADES[[#This Row],[Atividade '[*']]]),IF(_xlpm.dataMax=0,"-",_xlpm.dataMax))) -> - | T34: =IF(OR(TB_ATIVIDADES[[#This Row],[Atividade '[*']]]="",TB_ATIVIDADES[[#This Row],[Fase '[*']]]=""),"-",IF(TB_ATIVIDADES[[#This Row],[Total Tarefas '[=']]]=0,"-",_xlfn.LET(_xlpm.totItensNaoConcluidos,COUNTIFS(TB_TAREFAS[Atividade '[*']],TB_ATIVIDADES[[#This Row],[Atividade '[*']]],TB_TAREFAS[Situação da Execução '[*']],"<>" & "CONCLUÍDA",TB_TAREFAS[Situação da Execução '[*']],"<>" & "DESNECESSÁRIA"),_xlpm.totItensConcluidos,TB_ATIVIDADES[[#This Row],[Total Tarefas '[=']]]-_xlpm.totItensNaoConcluidos,_xlpm.totItensNaoIniciados,COUNTIFS(TB_TAREFAS[Atividade '[*']],TB_ATIVIDADES[[#This Row],[Atividade '[*']]],TB_TAREFAS[Situação da Execução '[*']],"NÃO INICIADA"),IF(_xlpm.totItensConcluidos=TB_ATIVIDADES[[#This Row],[Total Tarefas '[=']]],"CONCLUÍDA",IF(_xlpm.totItensNaoIniciados=TB_ATIVIDADES[[#This Row],[Total Tarefas '[=']]],IF(AND(DATE(YEAR(NOW()),MONTH(NOW()),DAY(NOW())) > IFERROR(DATE(YEAR(TB_ATIVIDADES[[#This Row],[Previsão Início '[=']]]),MONTH(TB_ATIVIDADES[[#This Row],[Previsão Início '[=']]]),DAY(TB_ATIVIDADES[[#This Row],[Previsão Início '[=']]])),FALSE)),"INÍCIO COM ATRASO","NÃO INICIADA"),IF(AND(DATE(YEAR(NOW()),MONTH(NOW()),DAY(NOW())) > IFERROR(DATE(YEAR(TB_ATIVIDADES[[#This Row],[Previsão Conclusão '[=']]]),MONTH(TB_ATIVIDADES[[#This Row],[Previsão Conclusão '[=']]]),DAY(TB_ATIVIDADES[[#This Row],[Previsão Conclusão '[=']]])),FALSE)),"CONCLUSÃO COM ATRASO","EM ANDAMENTO")))))) -> -
C35: =IF(TB_FASES[[#This Row],[Fase '[*']]]="","-",COUNTIF(TB_ATIVIDADES[Fase '[*']],TB_FASES[[#This Row],[Fase '[*']]])) -> - | D35: =IF(TB_FASES[[#This Row],[Fase '[*']]]="","-",SUMIF(TB_ATIVIDADES[Fase '[*']],TB_FASES[[#This Row],[Fase '[*']]],TB_ATIVIDADES[Total Tarefas '[=']])) -> - | E35: =IF(TB_FASES[[#This Row],[Fase '[*']]]="","-",_xlfn.LET(_xlpm.tot,COUNTIFS(TB_ATIVIDADES[Fase '[*']],TB_FASES[[#This Row],[Fase '[*']]],TB_ATIVIDADES[Status '[=']],"<>" & "CONCLUÍDA"),_xlpm.tot & IF(TB_FASES[[#This Row],[Total Atividades '[=']]]=0,""," (" & TEXT(_xlpm.tot/TB_FASES[[#This Row],[Total Atividades '[=']]],"0,0%") & ")"))) -> - | F35: =IF(TB_FASES[[#This Row],[Fase '[*']]]="","-",SUMIF(TB_ATIVIDADES[Fase '[*']],TB_FASES[[#This Row],[Fase '[*']]],TB_ATIVIDADES[Esforço Total (min) '[=']])) -> - | G35: =IF(TB_FASES[[#This Row],[Fase '[*']]]="","-",_xlfn.LET(_xlpm.esforcoRealizado,SUMIFS(TB_TAREFAS[Previsão Esforço (min) '[*']],TB_TAREFAS[Fase '[=']],TB_FASES[[#This Row],[Fase '[*']]],TB_TAREFAS[Situação da Execução '[*']],"CONCLUÍDA"),(TB_FASES[[#This Row],[Esforço Total (min) '[=']]]-_xlpm.esforcoRealizado) & IF(TB_FASES[[#This Row],[Esforço Total (min) '[=']]]>0," ("&TEXT((TB_FASES[[#This Row],[Esforço Total (min) '[=']]]-_xlpm.esforcoRealizado)/TB_FASES[[#This Row],[Esforço Total (min) '[=']]],"0,0%")&")",""))) -> - | H35: =IF(TB_FASES[[#This Row],[Fase '[*']]]="","-",_xlfn.LET(_xlpm.dataMin,_xlfn.MINIFS(TB_ATIVIDADES[Previsão Início '[=']],TB_ATIVIDADES[Fase '[*']],TB_FASES[[#This Row],[Fase '[*']]]),IF(_xlpm.dataMin=DATE(1900,1,0),"Indefinida",_xlpm.dataMin))) -> - | I35: =IF(TB_FASES[[#This Row],[Fase '[*']]]="","-",_xlfn.LET(_xlpm.dataMax,_xlfn.MAXIFS(TB_ATIVIDADES[Previsão Conclusão '[=']],TB_ATIVIDADES[Fase '[*']],TB_FASES[[#This Row],[Fase '[*']]]),IF(_xlpm.dataMax=DATE(1900,1,0),"Indefinida",_xlpm.dataMax))) -> - | J35: =IF(TB_FASES[[#This Row],[Fase '[*']]]="","-",IF(TB_FASES[[#This Row],[Total Atividades '[=']]]=0,"-",_xlfn.LET(_xlpm.totAtivNaoConcluidas,COUNTIFS(TB_ATIVIDADES[Fase '[*']],TB_FASES[[#This Row],[Fase '[*']]],TB_ATIVIDADES[Status '[=']],"<>" & "CONCLUÍDA"),_xlpm.totAtivConcluidas,TB_FASES[[#This Row],[Total Atividades '[=']]]-_xlpm.totAtivNaoConcluidas,_xlpm.totAtivNaoIniciadas,COUNTIFS(TB_ATIVIDADES[Fase '[*']],TB_FASES[[#This Row],[Fase '[*']]],TB_ATIVIDADES[Status '[=']],"NÃO INICIADA")+COUNTIFS(TB_ATIVIDADES[Fase '[*']],TB_FASES[[#This Row],[Fase '[*']]],TB_ATIVIDADES[Status '[=']],"INÍCIO COM ATRASO"),IF(_xlpm.totAtivConcluidas=TB_FASES[[#This Row],[Total Atividades '[=']]],"CONCLUÍDA",IF(_xlpm.totAtivNaoIniciadas=TB_FASES[[#This Row],[Total Atividades '[=']]],IF(AND(DATE(YEAR(NOW()),MONTH(NOW()),DAY(NOW())) > IFERROR(DATE(YEAR(TB_FASES[[#This Row],[Previsão Início '[=']]]),MONTH(TB_FASES[[#This Row],[Previsão Início '[=']]]),DAY(TB_FASES[[#This Row],[Previsão Início '[=']]])),FALSE)),"INICIO COM ATRASO","NÃO INICIADA"),IF(AND(DATE(YEAR(NOW()),MONTH(NOW()),DAY(NOW())) > IFERROR(DATE(YEAR(TB_FASES[[#This Row],[Previsão Conclusão '[=']]]),MONTH(TB_FASES[[#This Row],[Previsão Conclusão '[=']]]),DAY(TB_FASES[[#This Row],[Previsão Conclusão '[=']]])),FALSE)),"CONCLUSÃO COM ATRASO","EM ANDAMENTO")))))) -> - | N35: =IF(OR(TB_ATIVIDADES[[#This Row],[Atividade '[*']]]="",TB_ATIVIDADES[[#This Row],[Fase '[*']]]=""),"-",COUNTIF(TB_TAREFAS[Atividade '[*']],TB_ATIVIDADES[[#This Row],[Atividade '[*']]])) -> - | O35: =IF(OR(TB_ATIVIDADES[[#This Row],[Atividade '[*']]]="",TB_ATIVIDADES[[#This Row],[Fase '[*']]]=""),"-",_xlfn.LET(_xlpm.tot,COUNTIFS(TB_TAREFAS[Atividade '[*']],TB_ATIVIDADES[[#This Row],[Atividade '[*']]],TB_TAREFAS[Situação da Execução '[*']],"<>" & "CONCLUÍDA",TB_TAREFAS[Situação da Execução '[*']],"<>"&"DESNECESSÁRIA"),_xlpm.tot & IF(TB_ATIVIDADES[[#This Row],[Total Tarefas '[=']]]=0,""," (" & TEXT(_xlpm.tot/TB_ATIVIDADES[[#This Row],[Total Tarefas '[=']]],"0,0%") & ")"))) -> - | P35: =IF(OR(TB_ATIVIDADES[[#This Row],[Atividade '[*']]]="",TB_ATIVIDADES[[#This Row],[Fase '[*']]]=""),"-",SUMIF(TB_TAREFAS[Atividade '[*']],TB_ATIVIDADES[[#This Row],[Atividade '[*']]],TB_TAREFAS[Previsão Esforço (min) '[*']])) -> - | Q35: =IF(OR(TB_ATIVIDADES[[#This Row],[Atividade '[*']]]="",TB_ATIVIDADES[[#This Row],[Fase '[*']]]=""),"-",_xlfn.LET(_xlpm.esforçoRealizado,SUMIFS(TB_TAREFAS[Previsão Esforço (min) '[*']],TB_TAREFAS[Atividade '[*']],TB_ATIVIDADES[[#This Row],[Atividade '[*']]],TB_TAREFAS[Situação da Execução '[*']],"CONCLUÍDA")+SUMIFS(TB_TAREFAS[Previsão Esforço (min) '[*']],TB_TAREFAS[Atividade '[*']],TB_ATIVIDADES[[#This Row],[Atividade '[*']]],TB_TAREFAS[Situação da Execução '[*']],"DESNECESSÁRIA"),TB_ATIVIDADES[[#This Row],[Esforço Total (min) '[=']]]-_xlpm.esforçoRealizado & IF(TB_ATIVIDADES[[#This Row],[Esforço Total (min) '[=']]]=0,""," (" & TEXT((TB_ATIVIDADES[[#This Row],[Esforço Total (min) '[=']]]-_xlpm.esforçoRealizado) / TB_ATIVIDADES[[#This Row],[Esforço Total (min) '[=']]],"0,0%") & ")"))) -> - | R35: =IF(OR(TB_ATIVIDADES[[#This Row],[Atividade '[*']]]="",TB_ATIVIDADES[[#This Row],[Fase '[*']]]=""),"-",_xlfn.LET(_xlpm.dataMin,_xlfn.MINIFS(TB_TAREFAS[Previsão Início '[*']],TB_TAREFAS[Atividade '[*']],TB_ATIVIDADES[[#This Row],[Atividade '[*']]]),IF(_xlpm.dataMin=0,"-",_xlpm.dataMin))) -> - | S35: =IF(OR(TB_ATIVIDADES[[#This Row],[Atividade '[*']]]="",TB_ATIVIDADES[[#This Row],[Fase '[*']]]=""),"-",_xlfn.LET(_xlpm.dataMax,_xlfn.MAXIFS(TB_TAREFAS[Previsão Conclusão '[*']],TB_TAREFAS[Atividade '[*']],TB_ATIVIDADES[[#This Row],[Atividade '[*']]]),IF(_xlpm.dataMax=0,"-",_xlpm.dataMax))) -> - | T35: =IF(OR(TB_ATIVIDADES[[#This Row],[Atividade '[*']]]="",TB_ATIVIDADES[[#This Row],[Fase '[*']]]=""),"-",IF(TB_ATIVIDADES[[#This Row],[Total Tarefas '[=']]]=0,"-",_xlfn.LET(_xlpm.totItensNaoConcluidos,COUNTIFS(TB_TAREFAS[Atividade '[*']],TB_ATIVIDADES[[#This Row],[Atividade '[*']]],TB_TAREFAS[Situação da Execução '[*']],"<>" & "CONCLUÍDA",TB_TAREFAS[Situação da Execução '[*']],"<>" & "DESNECESSÁRIA"),_xlpm.totItensConcluidos,TB_ATIVIDADES[[#This Row],[Total Tarefas '[=']]]-_xlpm.totItensNaoConcluidos,_xlpm.totItensNaoIniciados,COUNTIFS(TB_TAREFAS[Atividade '[*']],TB_ATIVIDADES[[#This Row],[Atividade '[*']]],TB_TAREFAS[Situação da Execução '[*']],"NÃO INICIADA"),IF(_xlpm.totItensConcluidos=TB_ATIVIDADES[[#This Row],[Total Tarefas '[=']]],"CONCLUÍDA",IF(_xlpm.totItensNaoIniciados=TB_ATIVIDADES[[#This Row],[Total Tarefas '[=']]],IF(AND(DATE(YEAR(NOW()),MONTH(NOW()),DAY(NOW())) > IFERROR(DATE(YEAR(TB_ATIVIDADES[[#This Row],[Previsão Início '[=']]]),MONTH(TB_ATIVIDADES[[#This Row],[Previsão Início '[=']]]),DAY(TB_ATIVIDADES[[#This Row],[Previsão Início '[=']]])),FALSE)),"INÍCIO COM ATRASO","NÃO INICIADA"),IF(AND(DATE(YEAR(NOW()),MONTH(NOW()),DAY(NOW())) > IFERROR(DATE(YEAR(TB_ATIVIDADES[[#This Row],[Previsão Conclusão '[=']]]),MONTH(TB_ATIVIDADES[[#This Row],[Previsão Conclusão '[=']]]),DAY(TB_ATIVIDADES[[#This Row],[Previsão Conclusão '[=']]])),FALSE)),"CONCLUSÃO COM ATRASO","EM ANDAMENTO")))))) -> -
C36: =IF(TB_FASES[[#This Row],[Fase '[*']]]="","-",COUNTIF(TB_ATIVIDADES[Fase '[*']],TB_FASES[[#This Row],[Fase '[*']]])) -> - | D36: =IF(TB_FASES[[#This Row],[Fase '[*']]]="","-",SUMIF(TB_ATIVIDADES[Fase '[*']],TB_FASES[[#This Row],[Fase '[*']]],TB_ATIVIDADES[Total Tarefas '[=']])) -> - | E36: =IF(TB_FASES[[#This Row],[Fase '[*']]]="","-",_xlfn.LET(_xlpm.tot,COUNTIFS(TB_ATIVIDADES[Fase '[*']],TB_FASES[[#This Row],[Fase '[*']]],TB_ATIVIDADES[Status '[=']],"<>" & "CONCLUÍDA"),_xlpm.tot & IF(TB_FASES[[#This Row],[Total Atividades '[=']]]=0,""," (" & TEXT(_xlpm.tot/TB_FASES[[#This Row],[Total Atividades '[=']]],"0,0%") & ")"))) -> - | F36: =IF(TB_FASES[[#This Row],[Fase '[*']]]="","-",SUMIF(TB_ATIVIDADES[Fase '[*']],TB_FASES[[#This Row],[Fase '[*']]],TB_ATIVIDADES[Esforço Total (min) '[=']])) -> - | G36: =IF(TB_FASES[[#This Row],[Fase '[*']]]="","-",_xlfn.LET(_xlpm.esforcoRealizado,SUMIFS(TB_TAREFAS[Previsão Esforço (min) '[*']],TB_TAREFAS[Fase '[=']],TB_FASES[[#This Row],[Fase '[*']]],TB_TAREFAS[Situação da Execução '[*']],"CONCLUÍDA"),(TB_FASES[[#This Row],[Esforço Total (min) '[=']]]-_xlpm.esforcoRealizado) & IF(TB_FASES[[#This Row],[Esforço Total (min) '[=']]]>0," ("&TEXT((TB_FASES[[#This Row],[Esforço Total (min) '[=']]]-_xlpm.esforcoRealizado)/TB_FASES[[#This Row],[Esforço Total (min) '[=']]],"0,0%")&")",""))) -> - | H36: =IF(TB_FASES[[#This Row],[Fase '[*']]]="","-",_xlfn.LET(_xlpm.dataMin,_xlfn.MINIFS(TB_ATIVIDADES[Previsão Início '[=']],TB_ATIVIDADES[Fase '[*']],TB_FASES[[#This Row],[Fase '[*']]]),IF(_xlpm.dataMin=DATE(1900,1,0),"Indefinida",_xlpm.dataMin))) -> - | I36: =IF(TB_FASES[[#This Row],[Fase '[*']]]="","-",_xlfn.LET(_xlpm.dataMax,_xlfn.MAXIFS(TB_ATIVIDADES[Previsão Conclusão '[=']],TB_ATIVIDADES[Fase '[*']],TB_FASES[[#This Row],[Fase '[*']]]),IF(_xlpm.dataMax=DATE(1900,1,0),"Indefinida",_xlpm.dataMax))) -> - | J36: =IF(TB_FASES[[#This Row],[Fase '[*']]]="","-",IF(TB_FASES[[#This Row],[Total Atividades '[=']]]=0,"-",_xlfn.LET(_xlpm.totAtivNaoConcluidas,COUNTIFS(TB_ATIVIDADES[Fase '[*']],TB_FASES[[#This Row],[Fase '[*']]],TB_ATIVIDADES[Status '[=']],"<>" & "CONCLUÍDA"),_xlpm.totAtivConcluidas,TB_FASES[[#This Row],[Total Atividades '[=']]]-_xlpm.totAtivNaoConcluidas,_xlpm.totAtivNaoIniciadas,COUNTIFS(TB_ATIVIDADES[Fase '[*']],TB_FASES[[#This Row],[Fase '[*']]],TB_ATIVIDADES[Status '[=']],"NÃO INICIADA")+COUNTIFS(TB_ATIVIDADES[Fase '[*']],TB_FASES[[#This Row],[Fase '[*']]],TB_ATIVIDADES[Status '[=']],"INÍCIO COM ATRASO"),IF(_xlpm.totAtivConcluidas=TB_FASES[[#This Row],[Total Atividades '[=']]],"CONCLUÍDA",IF(_xlpm.totAtivNaoIniciadas=TB_FASES[[#This Row],[Total Atividades '[=']]],IF(AND(DATE(YEAR(NOW()),MONTH(NOW()),DAY(NOW())) > IFERROR(DATE(YEAR(TB_FASES[[#This Row],[Previsão Início '[=']]]),MONTH(TB_FASES[[#This Row],[Previsão Início '[=']]]),DAY(TB_FASES[[#This Row],[Previsão Início '[=']]])),FALSE)),"INICIO COM ATRASO","NÃO INICIADA"),IF(AND(DATE(YEAR(NOW()),MONTH(NOW()),DAY(NOW())) > IFERROR(DATE(YEAR(TB_FASES[[#This Row],[Previsão Conclusão '[=']]]),MONTH(TB_FASES[[#This Row],[Previsão Conclusão '[=']]]),DAY(TB_FASES[[#This Row],[Previsão Conclusão '[=']]])),FALSE)),"CONCLUSÃO COM ATRASO","EM ANDAMENTO")))))) -> - | N36: =IF(OR(TB_ATIVIDADES[[#This Row],[Atividade '[*']]]="",TB_ATIVIDADES[[#This Row],[Fase '[*']]]=""),"-",COUNTIF(TB_TAREFAS[Atividade '[*']],TB_ATIVIDADES[[#This Row],[Atividade '[*']]])) -> - | O36: =IF(OR(TB_ATIVIDADES[[#This Row],[Atividade '[*']]]="",TB_ATIVIDADES[[#This Row],[Fase '[*']]]=""),"-",_xlfn.LET(_xlpm.tot,COUNTIFS(TB_TAREFAS[Atividade '[*']],TB_ATIVIDADES[[#This Row],[Atividade '[*']]],TB_TAREFAS[Situação da Execução '[*']],"<>" & "CONCLUÍDA",TB_TAREFAS[Situação da Execução '[*']],"<>"&"DESNECESSÁRIA"),_xlpm.tot & IF(TB_ATIVIDADES[[#This Row],[Total Tarefas '[=']]]=0,""," (" & TEXT(_xlpm.tot/TB_ATIVIDADES[[#This Row],[Total Tarefas '[=']]],"0,0%") & ")"))) -> - | P36: =IF(OR(TB_ATIVIDADES[[#This Row],[Atividade '[*']]]="",TB_ATIVIDADES[[#This Row],[Fase '[*']]]=""),"-",SUMIF(TB_TAREFAS[Atividade '[*']],TB_ATIVIDADES[[#This Row],[Atividade '[*']]],TB_TAREFAS[Previsão Esforço (min) '[*']])) -> - | Q36: =IF(OR(TB_ATIVIDADES[[#This Row],[Atividade '[*']]]="",TB_ATIVIDADES[[#This Row],[Fase '[*']]]=""),"-",_xlfn.LET(_xlpm.esforçoRealizado,SUMIFS(TB_TAREFAS[Previsão Esforço (min) '[*']],TB_TAREFAS[Atividade '[*']],TB_ATIVIDADES[[#This Row],[Atividade '[*']]],TB_TAREFAS[Situação da Execução '[*']],"CONCLUÍDA")+SUMIFS(TB_TAREFAS[Previsão Esforço (min) '[*']],TB_TAREFAS[Atividade '[*']],TB_ATIVIDADES[[#This Row],[Atividade '[*']]],TB_TAREFAS[Situação da Execução '[*']],"DESNECESSÁRIA"),TB_ATIVIDADES[[#This Row],[Esforço Total (min) '[=']]]-_xlpm.esforçoRealizado & IF(TB_ATIVIDADES[[#This Row],[Esforço Total (min) '[=']]]=0,""," (" & TEXT((TB_ATIVIDADES[[#This Row],[Esforço Total (min) '[=']]]-_xlpm.esforçoRealizado) / TB_ATIVIDADES[[#This Row],[Esforço Total (min) '[=']]],"0,0%") & ")"))) -> - | R36: =IF(OR(TB_ATIVIDADES[[#This Row],[Atividade '[*']]]="",TB_ATIVIDADES[[#This Row],[Fase '[*']]]=""),"-",_xlfn.LET(_xlpm.dataMin,_xlfn.MINIFS(TB_TAREFAS[Previsão Início '[*']],TB_TAREFAS[Atividade '[*']],TB_ATIVIDADES[[#This Row],[Atividade '[*']]]),IF(_xlpm.dataMin=0,"-",_xlpm.dataMin))) -> - | S36: =IF(OR(TB_ATIVIDADES[[#This Row],[Atividade '[*']]]="",TB_ATIVIDADES[[#This Row],[Fase '[*']]]=""),"-",_xlfn.LET(_xlpm.dataMax,_xlfn.MAXIFS(TB_TAREFAS[Previsão Conclusão '[*']],TB_TAREFAS[Atividade '[*']],TB_ATIVIDADES[[#This Row],[Atividade '[*']]]),IF(_xlpm.dataMax=0,"-",_xlpm.dataMax))) -> - | T36: =IF(OR(TB_ATIVIDADES[[#This Row],[Atividade '[*']]]="",TB_ATIVIDADES[[#This Row],[Fase '[*']]]=""),"-",IF(TB_ATIVIDADES[[#This Row],[Total Tarefas '[=']]]=0,"-",_xlfn.LET(_xlpm.totItensNaoConcluidos,COUNTIFS(TB_TAREFAS[Atividade '[*']],TB_ATIVIDADES[[#This Row],[Atividade '[*']]],TB_TAREFAS[Situação da Execução '[*']],"<>" & "CONCLUÍDA",TB_TAREFAS[Situação da Execução '[*']],"<>" & "DESNECESSÁRIA"),_xlpm.totItensConcluidos,TB_ATIVIDADES[[#This Row],[Total Tarefas '[=']]]-_xlpm.totItensNaoConcluidos,_xlpm.totItensNaoIniciados,COUNTIFS(TB_TAREFAS[Atividade '[*']],TB_ATIVIDADES[[#This Row],[Atividade '[*']]],TB_TAREFAS[Situação da Execução '[*']],"NÃO INICIADA"),IF(_xlpm.totItensConcluidos=TB_ATIVIDADES[[#This Row],[Total Tarefas '[=']]],"CONCLUÍDA",IF(_xlpm.totItensNaoIniciados=TB_ATIVIDADES[[#This Row],[Total Tarefas '[=']]],IF(AND(DATE(YEAR(NOW()),MONTH(NOW()),DAY(NOW())) > IFERROR(DATE(YEAR(TB_ATIVIDADES[[#This Row],[Previsão Início '[=']]]),MONTH(TB_ATIVIDADES[[#This Row],[Previsão Início '[=']]]),DAY(TB_ATIVIDADES[[#This Row],[Previsão Início '[=']]])),FALSE)),"INÍCIO COM ATRASO","NÃO INICIADA"),IF(AND(DATE(YEAR(NOW()),MONTH(NOW()),DAY(NOW())) > IFERROR(DATE(YEAR(TB_ATIVIDADES[[#This Row],[Previsão Conclusão '[=']]]),MONTH(TB_ATIVIDADES[[#This Row],[Previsão Conclusão '[=']]]),DAY(TB_ATIVIDADES[[#This Row],[Previsão Conclusão '[=']]])),FALSE)),"CONCLUSÃO COM ATRASO","EM ANDAMENTO")))))) -> -
C37: =IF(TB_FASES[[#This Row],[Fase '[*']]]="","-",COUNTIF(TB_ATIVIDADES[Fase '[*']],TB_FASES[[#This Row],[Fase '[*']]])) -> - | D37: =IF(TB_FASES[[#This Row],[Fase '[*']]]="","-",SUMIF(TB_ATIVIDADES[Fase '[*']],TB_FASES[[#This Row],[Fase '[*']]],TB_ATIVIDADES[Total Tarefas '[=']])) -> - | E37: =IF(TB_FASES[[#This Row],[Fase '[*']]]="","-",_xlfn.LET(_xlpm.tot,COUNTIFS(TB_ATIVIDADES[Fase '[*']],TB_FASES[[#This Row],[Fase '[*']]],TB_ATIVIDADES[Status '[=']],"<>" & "CONCLUÍDA"),_xlpm.tot & IF(TB_FASES[[#This Row],[Total Atividades '[=']]]=0,""," (" & TEXT(_xlpm.tot/TB_FASES[[#This Row],[Total Atividades '[=']]],"0,0%") & ")"))) -> - | F37: =IF(TB_FASES[[#This Row],[Fase '[*']]]="","-",SUMIF(TB_ATIVIDADES[Fase '[*']],TB_FASES[[#This Row],[Fase '[*']]],TB_ATIVIDADES[Esforço Total (min) '[=']])) -> - | G37: =IF(TB_FASES[[#This Row],[Fase '[*']]]="","-",_xlfn.LET(_xlpm.esforcoRealizado,SUMIFS(TB_TAREFAS[Previsão Esforço (min) '[*']],TB_TAREFAS[Fase '[=']],TB_FASES[[#This Row],[Fase '[*']]],TB_TAREFAS[Situação da Execução '[*']],"CONCLUÍDA"),(TB_FASES[[#This Row],[Esforço Total (min) '[=']]]-_xlpm.esforcoRealizado) & IF(TB_FASES[[#This Row],[Esforço Total (min) '[=']]]>0," ("&TEXT((TB_FASES[[#This Row],[Esforço Total (min) '[=']]]-_xlpm.esforcoRealizado)/TB_FASES[[#This Row],[Esforço Total (min) '[=']]],"0,0%")&")",""))) -> - | H37: =IF(TB_FASES[[#This Row],[Fase '[*']]]="","-",_xlfn.LET(_xlpm.dataMin,_xlfn.MINIFS(TB_ATIVIDADES[Previsão Início '[=']],TB_ATIVIDADES[Fase '[*']],TB_FASES[[#This Row],[Fase '[*']]]),IF(_xlpm.dataMin=DATE(1900,1,0),"Indefinida",_xlpm.dataMin))) -> - | I37: =IF(TB_FASES[[#This Row],[Fase '[*']]]="","-",_xlfn.LET(_xlpm.dataMax,_xlfn.MAXIFS(TB_ATIVIDADES[Previsão Conclusão '[=']],TB_ATIVIDADES[Fase '[*']],TB_FASES[[#This Row],[Fase '[*']]]),IF(_xlpm.dataMax=DATE(1900,1,0),"Indefinida",_xlpm.dataMax))) -> - | J37: =IF(TB_FASES[[#This Row],[Fase '[*']]]="","-",IF(TB_FASES[[#This Row],[Total Atividades '[=']]]=0,"-",_xlfn.LET(_xlpm.totAtivNaoConcluidas,COUNTIFS(TB_ATIVIDADES[Fase '[*']],TB_FASES[[#This Row],[Fase '[*']]],TB_ATIVIDADES[Status '[=']],"<>" & "CONCLUÍDA"),_xlpm.totAtivConcluidas,TB_FASES[[#This Row],[Total Atividades '[=']]]-_xlpm.totAtivNaoConcluidas,_xlpm.totAtivNaoIniciadas,COUNTIFS(TB_ATIVIDADES[Fase '[*']],TB_FASES[[#This Row],[Fase '[*']]],TB_ATIVIDADES[Status '[=']],"NÃO INICIADA")+COUNTIFS(TB_ATIVIDADES[Fase '[*']],TB_FASES[[#This Row],[Fase '[*']]],TB_ATIVIDADES[Status '[=']],"INÍCIO COM ATRASO"),IF(_xlpm.totAtivConcluidas=TB_FASES[[#This Row],[Total Atividades '[=']]],"CONCLUÍDA",IF(_xlpm.totAtivNaoIniciadas=TB_FASES[[#This Row],[Total Atividades '[=']]],IF(AND(DATE(YEAR(NOW()),MONTH(NOW()),DAY(NOW())) > IFERROR(DATE(YEAR(TB_FASES[[#This Row],[Previsão Início '[=']]]),MONTH(TB_FASES[[#This Row],[Previsão Início '[=']]]),DAY(TB_FASES[[#This Row],[Previsão Início '[=']]])),FALSE)),"INICIO COM ATRASO","NÃO INICIADA"),IF(AND(DATE(YEAR(NOW()),MONTH(NOW()),DAY(NOW())) > IFERROR(DATE(YEAR(TB_FASES[[#This Row],[Previsão Conclusão '[=']]]),MONTH(TB_FASES[[#This Row],[Previsão Conclusão '[=']]]),DAY(TB_FASES[[#This Row],[Previsão Conclusão '[=']]])),FALSE)),"CONCLUSÃO COM ATRASO","EM ANDAMENTO")))))) -> - | N37: =IF(OR(TB_ATIVIDADES[[#This Row],[Atividade '[*']]]="",TB_ATIVIDADES[[#This Row],[Fase '[*']]]=""),"-",COUNTIF(TB_TAREFAS[Atividade '[*']],TB_ATIVIDADES[[#This Row],[Atividade '[*']]])) -> - | O37: =IF(OR(TB_ATIVIDADES[[#This Row],[Atividade '[*']]]="",TB_ATIVIDADES[[#This Row],[Fase '[*']]]=""),"-",_xlfn.LET(_xlpm.tot,COUNTIFS(TB_TAREFAS[Atividade '[*']],TB_ATIVIDADES[[#This Row],[Atividade '[*']]],TB_TAREFAS[Situação da Execução '[*']],"<>" & "CONCLUÍDA",TB_TAREFAS[Situação da Execução '[*']],"<>"&"DESNECESSÁRIA"),_xlpm.tot & IF(TB_ATIVIDADES[[#This Row],[Total Tarefas '[=']]]=0,""," (" & TEXT(_xlpm.tot/TB_ATIVIDADES[[#This Row],[Total Tarefas '[=']]],"0,0%") & ")"))) -> - | P37: =IF(OR(TB_ATIVIDADES[[#This Row],[Atividade '[*']]]="",TB_ATIVIDADES[[#This Row],[Fase '[*']]]=""),"-",SUMIF(TB_TAREFAS[Atividade '[*']],TB_ATIVIDADES[[#This Row],[Atividade '[*']]],TB_TAREFAS[Previsão Esforço (min) '[*']])) -> - | Q37: =IF(OR(TB_ATIVIDADES[[#This Row],[Atividade '[*']]]="",TB_ATIVIDADES[[#This Row],[Fase '[*']]]=""),"-",_xlfn.LET(_xlpm.esforçoRealizado,SUMIFS(TB_TAREFAS[Previsão Esforço (min) '[*']],TB_TAREFAS[Atividade '[*']],TB_ATIVIDADES[[#This Row],[Atividade '[*']]],TB_TAREFAS[Situação da Execução '[*']],"CONCLUÍDA")+SUMIFS(TB_TAREFAS[Previsão Esforço (min) '[*']],TB_TAREFAS[Atividade '[*']],TB_ATIVIDADES[[#This Row],[Atividade '[*']]],TB_TAREFAS[Situação da Execução '[*']],"DESNECESSÁRIA"),TB_ATIVIDADES[[#This Row],[Esforço Total (min) '[=']]]-_xlpm.esforçoRealizado & IF(TB_ATIVIDADES[[#This Row],[Esforço Total (min) '[=']]]=0,""," (" & TEXT((TB_ATIVIDADES[[#This Row],[Esforço Total (min) '[=']]]-_xlpm.esforçoRealizado) / TB_ATIVIDADES[[#This Row],[Esforço Total (min) '[=']]],"0,0%") & ")"))) -> - | R37: =IF(OR(TB_ATIVIDADES[[#This Row],[Atividade '[*']]]="",TB_ATIVIDADES[[#This Row],[Fase '[*']]]=""),"-",_xlfn.LET(_xlpm.dataMin,_xlfn.MINIFS(TB_TAREFAS[Previsão Início '[*']],TB_TAREFAS[Atividade '[*']],TB_ATIVIDADES[[#This Row],[Atividade '[*']]]),IF(_xlpm.dataMin=0,"-",_xlpm.dataMin))) -> - | S37: =IF(OR(TB_ATIVIDADES[[#This Row],[Atividade '[*']]]="",TB_ATIVIDADES[[#This Row],[Fase '[*']]]=""),"-",_xlfn.LET(_xlpm.dataMax,_xlfn.MAXIFS(TB_TAREFAS[Previsão Conclusão '[*']],TB_TAREFAS[Atividade '[*']],TB_ATIVIDADES[[#This Row],[Atividade '[*']]]),IF(_xlpm.dataMax=0,"-",_xlpm.dataMax))) -> - | T37: =IF(OR(TB_ATIVIDADES[[#This Row],[Atividade '[*']]]="",TB_ATIVIDADES[[#This Row],[Fase '[*']]]=""),"-",IF(TB_ATIVIDADES[[#This Row],[Total Tarefas '[=']]]=0,"-",_xlfn.LET(_xlpm.totItensNaoConcluidos,COUNTIFS(TB_TAREFAS[Atividade '[*']],TB_ATIVIDADES[[#This Row],[Atividade '[*']]],TB_TAREFAS[Situação da Execução '[*']],"<>" & "CONCLUÍDA",TB_TAREFAS[Situação da Execução '[*']],"<>" & "DESNECESSÁRIA"),_xlpm.totItensConcluidos,TB_ATIVIDADES[[#This Row],[Total Tarefas '[=']]]-_xlpm.totItensNaoConcluidos,_xlpm.totItensNaoIniciados,COUNTIFS(TB_TAREFAS[Atividade '[*']],TB_ATIVIDADES[[#This Row],[Atividade '[*']]],TB_TAREFAS[Situação da Execução '[*']],"NÃO INICIADA"),IF(_xlpm.totItensConcluidos=TB_ATIVIDADES[[#This Row],[Total Tarefas '[=']]],"CONCLUÍDA",IF(_xlpm.totItensNaoIniciados=TB_ATIVIDADES[[#This Row],[Total Tarefas '[=']]],IF(AND(DATE(YEAR(NOW()),MONTH(NOW()),DAY(NOW())) > IFERROR(DATE(YEAR(TB_ATIVIDADES[[#This Row],[Previsão Início '[=']]]),MONTH(TB_ATIVIDADES[[#This Row],[Previsão Início '[=']]]),DAY(TB_ATIVIDADES[[#This Row],[Previsão Início '[=']]])),FALSE)),"INÍCIO COM ATRASO","NÃO INICIADA"),IF(AND(DATE(YEAR(NOW()),MONTH(NOW()),DAY(NOW())) > IFERROR(DATE(YEAR(TB_ATIVIDADES[[#This Row],[Previsão Conclusão '[=']]]),MONTH(TB_ATIVIDADES[[#This Row],[Previsão Conclusão '[=']]]),DAY(TB_ATIVIDADES[[#This Row],[Previsão Conclusão '[=']]])),FALSE)),"CONCLUSÃO COM ATRASO","EM ANDAMENTO")))))) -> -
C38: =IF(TB_FASES[[#This Row],[Fase '[*']]]="","-",COUNTIF(TB_ATIVIDADES[Fase '[*']],TB_FASES[[#This Row],[Fase '[*']]])) -> - | D38: =IF(TB_FASES[[#This Row],[Fase '[*']]]="","-",SUMIF(TB_ATIVIDADES[Fase '[*']],TB_FASES[[#This Row],[Fase '[*']]],TB_ATIVIDADES[Total Tarefas '[=']])) -> - | E38: =IF(TB_FASES[[#This Row],[Fase '[*']]]="","-",_xlfn.LET(_xlpm.tot,COUNTIFS(TB_ATIVIDADES[Fase '[*']],TB_FASES[[#This Row],[Fase '[*']]],TB_ATIVIDADES[Status '[=']],"<>" & "CONCLUÍDA"),_xlpm.tot & IF(TB_FASES[[#This Row],[Total Atividades '[=']]]=0,""," (" & TEXT(_xlpm.tot/TB_FASES[[#This Row],[Total Atividades '[=']]],"0,0%") & ")"))) -> - | F38: =IF(TB_FASES[[#This Row],[Fase '[*']]]="","-",SUMIF(TB_ATIVIDADES[Fase '[*']],TB_FASES[[#This Row],[Fase '[*']]],TB_ATIVIDADES[Esforço Total (min) '[=']])) -> - | G38: =IF(TB_FASES[[#This Row],[Fase '[*']]]="","-",_xlfn.LET(_xlpm.esforcoRealizado,SUMIFS(TB_TAREFAS[Previsão Esforço (min) '[*']],TB_TAREFAS[Fase '[=']],TB_FASES[[#This Row],[Fase '[*']]],TB_TAREFAS[Situação da Execução '[*']],"CONCLUÍDA"),(TB_FASES[[#This Row],[Esforço Total (min) '[=']]]-_xlpm.esforcoRealizado) & IF(TB_FASES[[#This Row],[Esforço Total (min) '[=']]]>0," ("&TEXT((TB_FASES[[#This Row],[Esforço Total (min) '[=']]]-_xlpm.esforcoRealizado)/TB_FASES[[#This Row],[Esforço Total (min) '[=']]],"0,0%")&")",""))) -> - | H38: =IF(TB_FASES[[#This Row],[Fase '[*']]]="","-",_xlfn.LET(_xlpm.dataMin,_xlfn.MINIFS(TB_ATIVIDADES[Previsão Início '[=']],TB_ATIVIDADES[Fase '[*']],TB_FASES[[#This Row],[Fase '[*']]]),IF(_xlpm.dataMin=DATE(1900,1,0),"Indefinida",_xlpm.dataMin))) -> - | I38: =IF(TB_FASES[[#This Row],[Fase '[*']]]="","-",_xlfn.LET(_xlpm.dataMax,_xlfn.MAXIFS(TB_ATIVIDADES[Previsão Conclusão '[=']],TB_ATIVIDADES[Fase '[*']],TB_FASES[[#This Row],[Fase '[*']]]),IF(_xlpm.dataMax=DATE(1900,1,0),"Indefinida",_xlpm.dataMax))) -> - | J38: =IF(TB_FASES[[#This Row],[Fase '[*']]]="","-",IF(TB_FASES[[#This Row],[Total Atividades '[=']]]=0,"-",_xlfn.LET(_xlpm.totAtivNaoConcluidas,COUNTIFS(TB_ATIVIDADES[Fase '[*']],TB_FASES[[#This Row],[Fase '[*']]],TB_ATIVIDADES[Status '[=']],"<>" & "CONCLUÍDA"),_xlpm.totAtivConcluidas,TB_FASES[[#This Row],[Total Atividades '[=']]]-_xlpm.totAtivNaoConcluidas,_xlpm.totAtivNaoIniciadas,COUNTIFS(TB_ATIVIDADES[Fase '[*']],TB_FASES[[#This Row],[Fase '[*']]],TB_ATIVIDADES[Status '[=']],"NÃO INICIADA")+COUNTIFS(TB_ATIVIDADES[Fase '[*']],TB_FASES[[#This Row],[Fase '[*']]],TB_ATIVIDADES[Status '[=']],"INÍCIO COM ATRASO"),IF(_xlpm.totAtivConcluidas=TB_FASES[[#This Row],[Total Atividades '[=']]],"CONCLUÍDA",IF(_xlpm.totAtivNaoIniciadas=TB_FASES[[#This Row],[Total Atividades '[=']]],IF(AND(DATE(YEAR(NOW()),MONTH(NOW()),DAY(NOW())) > IFERROR(DATE(YEAR(TB_FASES[[#This Row],[Previsão Início '[=']]]),MONTH(TB_FASES[[#This Row],[Previsão Início '[=']]]),DAY(TB_FASES[[#This Row],[Previsão Início '[=']]])),FALSE)),"INICIO COM ATRASO","NÃO INICIADA"),IF(AND(DATE(YEAR(NOW()),MONTH(NOW()),DAY(NOW())) > IFERROR(DATE(YEAR(TB_FASES[[#This Row],[Previsão Conclusão '[=']]]),MONTH(TB_FASES[[#This Row],[Previsão Conclusão '[=']]]),DAY(TB_FASES[[#This Row],[Previsão Conclusão '[=']]])),FALSE)),"CONCLUSÃO COM ATRASO","EM ANDAMENTO")))))) -> - | N38: =IF(OR(TB_ATIVIDADES[[#This Row],[Atividade '[*']]]="",TB_ATIVIDADES[[#This Row],[Fase '[*']]]=""),"-",COUNTIF(TB_TAREFAS[Atividade '[*']],TB_ATIVIDADES[[#This Row],[Atividade '[*']]])) -> - | O38: =IF(OR(TB_ATIVIDADES[[#This Row],[Atividade '[*']]]="",TB_ATIVIDADES[[#This Row],[Fase '[*']]]=""),"-",_xlfn.LET(_xlpm.tot,COUNTIFS(TB_TAREFAS[Atividade '[*']],TB_ATIVIDADES[[#This Row],[Atividade '[*']]],TB_TAREFAS[Situação da Execução '[*']],"<>" & "CONCLUÍDA",TB_TAREFAS[Situação da Execução '[*']],"<>"&"DESNECESSÁRIA"),_xlpm.tot & IF(TB_ATIVIDADES[[#This Row],[Total Tarefas '[=']]]=0,""," (" & TEXT(_xlpm.tot/TB_ATIVIDADES[[#This Row],[Total Tarefas '[=']]],"0,0%") & ")"))) -> - | P38: =IF(OR(TB_ATIVIDADES[[#This Row],[Atividade '[*']]]="",TB_ATIVIDADES[[#This Row],[Fase '[*']]]=""),"-",SUMIF(TB_TAREFAS[Atividade '[*']],TB_ATIVIDADES[[#This Row],[Atividade '[*']]],TB_TAREFAS[Previsão Esforço (min) '[*']])) -> - | Q38: =IF(OR(TB_ATIVIDADES[[#This Row],[Atividade '[*']]]="",TB_ATIVIDADES[[#This Row],[Fase '[*']]]=""),"-",_xlfn.LET(_xlpm.esforçoRealizado,SUMIFS(TB_TAREFAS[Previsão Esforço (min) '[*']],TB_TAREFAS[Atividade '[*']],TB_ATIVIDADES[[#This Row],[Atividade '[*']]],TB_TAREFAS[Situação da Execução '[*']],"CONCLUÍDA")+SUMIFS(TB_TAREFAS[Previsão Esforço (min) '[*']],TB_TAREFAS[Atividade '[*']],TB_ATIVIDADES[[#This Row],[Atividade '[*']]],TB_TAREFAS[Situação da Execução '[*']],"DESNECESSÁRIA"),TB_ATIVIDADES[[#This Row],[Esforço Total (min) '[=']]]-_xlpm.esforçoRealizado & IF(TB_ATIVIDADES[[#This Row],[Esforço Total (min) '[=']]]=0,""," (" & TEXT((TB_ATIVIDADES[[#This Row],[Esforço Total (min) '[=']]]-_xlpm.esforçoRealizado) / TB_ATIVIDADES[[#This Row],[Esforço Total (min) '[=']]],"0,0%") & ")"))) -> - | R38: =IF(OR(TB_ATIVIDADES[[#This Row],[Atividade '[*']]]="",TB_ATIVIDADES[[#This Row],[Fase '[*']]]=""),"-",_xlfn.LET(_xlpm.dataMin,_xlfn.MINIFS(TB_TAREFAS[Previsão Início '[*']],TB_TAREFAS[Atividade '[*']],TB_ATIVIDADES[[#This Row],[Atividade '[*']]]),IF(_xlpm.dataMin=0,"-",_xlpm.dataMin))) -> - | S38: =IF(OR(TB_ATIVIDADES[[#This Row],[Atividade '[*']]]="",TB_ATIVIDADES[[#This Row],[Fase '[*']]]=""),"-",_xlfn.LET(_xlpm.dataMax,_xlfn.MAXIFS(TB_TAREFAS[Previsão Conclusão '[*']],TB_TAREFAS[Atividade '[*']],TB_ATIVIDADES[[#This Row],[Atividade '[*']]]),IF(_xlpm.dataMax=0,"-",_xlpm.dataMax))) -> - | T38: =IF(OR(TB_ATIVIDADES[[#This Row],[Atividade '[*']]]="",TB_ATIVIDADES[[#This Row],[Fase '[*']]]=""),"-",IF(TB_ATIVIDADES[[#This Row],[Total Tarefas '[=']]]=0,"-",_xlfn.LET(_xlpm.totItensNaoConcluidos,COUNTIFS(TB_TAREFAS[Atividade '[*']],TB_ATIVIDADES[[#This Row],[Atividade '[*']]],TB_TAREFAS[Situação da Execução '[*']],"<>" & "CONCLUÍDA",TB_TAREFAS[Situação da Execução '[*']],"<>" & "DESNECESSÁRIA"),_xlpm.totItensConcluidos,TB_ATIVIDADES[[#This Row],[Total Tarefas '[=']]]-_xlpm.totItensNaoConcluidos,_xlpm.totItensNaoIniciados,COUNTIFS(TB_TAREFAS[Atividade '[*']],TB_ATIVIDADES[[#This Row],[Atividade '[*']]],TB_TAREFAS[Situação da Execução '[*']],"NÃO INICIADA"),IF(_xlpm.totItensConcluidos=TB_ATIVIDADES[[#This Row],[Total Tarefas '[=']]],"CONCLUÍDA",IF(_xlpm.totItensNaoIniciados=TB_ATIVIDADES[[#This Row],[Total Tarefas '[=']]],IF(AND(DATE(YEAR(NOW()),MONTH(NOW()),DAY(NOW())) > IFERROR(DATE(YEAR(TB_ATIVIDADES[[#This Row],[Previsão Início '[=']]]),MONTH(TB_ATIVIDADES[[#This Row],[Previsão Início '[=']]]),DAY(TB_ATIVIDADES[[#This Row],[Previsão Início '[=']]])),FALSE)),"INÍCIO COM ATRASO","NÃO INICIADA"),IF(AND(DATE(YEAR(NOW()),MONTH(NOW()),DAY(NOW())) > IFERROR(DATE(YEAR(TB_ATIVIDADES[[#This Row],[Previsão Conclusão '[=']]]),MONTH(TB_ATIVIDADES[[#This Row],[Previsão Conclusão '[=']]]),DAY(TB_ATIVIDADES[[#This Row],[Previsão Conclusão '[=']]])),FALSE)),"CONCLUSÃO COM ATRASO","EM ANDAMENTO")))))) -> -
C39: =IF(TB_FASES[[#This Row],[Fase '[*']]]="","-",COUNTIF(TB_ATIVIDADES[Fase '[*']],TB_FASES[[#This Row],[Fase '[*']]])) -> - | D39: =IF(TB_FASES[[#This Row],[Fase '[*']]]="","-",SUMIF(TB_ATIVIDADES[Fase '[*']],TB_FASES[[#This Row],[Fase '[*']]],TB_ATIVIDADES[Total Tarefas '[=']])) -> - | E39: =IF(TB_FASES[[#This Row],[Fase '[*']]]="","-",_xlfn.LET(_xlpm.tot,COUNTIFS(TB_ATIVIDADES[Fase '[*']],TB_FASES[[#This Row],[Fase '[*']]],TB_ATIVIDADES[Status '[=']],"<>" & "CONCLUÍDA"),_xlpm.tot & IF(TB_FASES[[#This Row],[Total Atividades '[=']]]=0,""," (" & TEXT(_xlpm.tot/TB_FASES[[#This Row],[Total Atividades '[=']]],"0,0%") & ")"))) -> - | F39: =IF(TB_FASES[[#This Row],[Fase '[*']]]="","-",SUMIF(TB_ATIVIDADES[Fase '[*']],TB_FASES[[#This Row],[Fase '[*']]],TB_ATIVIDADES[Esforço Total (min) '[=']])) -> - | G39: =IF(TB_FASES[[#This Row],[Fase '[*']]]="","-",_xlfn.LET(_xlpm.esforcoRealizado,SUMIFS(TB_TAREFAS[Previsão Esforço (min) '[*']],TB_TAREFAS[Fase '[=']],TB_FASES[[#This Row],[Fase '[*']]],TB_TAREFAS[Situação da Execução '[*']],"CONCLUÍDA"),(TB_FASES[[#This Row],[Esforço Total (min) '[=']]]-_xlpm.esforcoRealizado) & IF(TB_FASES[[#This Row],[Esforço Total (min) '[=']]]>0," ("&TEXT((TB_FASES[[#This Row],[Esforço Total (min) '[=']]]-_xlpm.esforcoRealizado)/TB_FASES[[#This Row],[Esforço Total (min) '[=']]],"0,0%")&")",""))) -> - | H39: =IF(TB_FASES[[#This Row],[Fase '[*']]]="","-",_xlfn.LET(_xlpm.dataMin,_xlfn.MINIFS(TB_ATIVIDADES[Previsão Início '[=']],TB_ATIVIDADES[Fase '[*']],TB_FASES[[#This Row],[Fase '[*']]]),IF(_xlpm.dataMin=DATE(1900,1,0),"Indefinida",_xlpm.dataMin))) -> - | I39: =IF(TB_FASES[[#This Row],[Fase '[*']]]="","-",_xlfn.LET(_xlpm.dataMax,_xlfn.MAXIFS(TB_ATIVIDADES[Previsão Conclusão '[=']],TB_ATIVIDADES[Fase '[*']],TB_FASES[[#This Row],[Fase '[*']]]),IF(_xlpm.dataMax=DATE(1900,1,0),"Indefinida",_xlpm.dataMax))) -> - | J39: =IF(TB_FASES[[#This Row],[Fase '[*']]]="","-",IF(TB_FASES[[#This Row],[Total Atividades '[=']]]=0,"-",_xlfn.LET(_xlpm.totAtivNaoConcluidas,COUNTIFS(TB_ATIVIDADES[Fase '[*']],TB_FASES[[#This Row],[Fase '[*']]],TB_ATIVIDADES[Status '[=']],"<>" & "CONCLUÍDA"),_xlpm.totAtivConcluidas,TB_FASES[[#This Row],[Total Atividades '[=']]]-_xlpm.totAtivNaoConcluidas,_xlpm.totAtivNaoIniciadas,COUNTIFS(TB_ATIVIDADES[Fase '[*']],TB_FASES[[#This Row],[Fase '[*']]],TB_ATIVIDADES[Status '[=']],"NÃO INICIADA")+COUNTIFS(TB_ATIVIDADES[Fase '[*']],TB_FASES[[#This Row],[Fase '[*']]],TB_ATIVIDADES[Status '[=']],"INÍCIO COM ATRASO"),IF(_xlpm.totAtivConcluidas=TB_FASES[[#This Row],[Total Atividades '[=']]],"CONCLUÍDA",IF(_xlpm.totAtivNaoIniciadas=TB_FASES[[#This Row],[Total Atividades '[=']]],IF(AND(DATE(YEAR(NOW()),MONTH(NOW()),DAY(NOW())) > IFERROR(DATE(YEAR(TB_FASES[[#This Row],[Previsão Início '[=']]]),MONTH(TB_FASES[[#This Row],[Previsão Início '[=']]]),DAY(TB_FASES[[#This Row],[Previsão Início '[=']]])),FALSE)),"INICIO COM ATRASO","NÃO INICIADA"),IF(AND(DATE(YEAR(NOW()),MONTH(NOW()),DAY(NOW())) > IFERROR(DATE(YEAR(TB_FASES[[#This Row],[Previsão Conclusão '[=']]]),MONTH(TB_FASES[[#This Row],[Previsão Conclusão '[=']]]),DAY(TB_FASES[[#This Row],[Previsão Conclusão '[=']]])),FALSE)),"CONCLUSÃO COM ATRASO","EM ANDAMENTO")))))) -> - | N39: =IF(OR(TB_ATIVIDADES[[#This Row],[Atividade '[*']]]="",TB_ATIVIDADES[[#This Row],[Fase '[*']]]=""),"-",COUNTIF(TB_TAREFAS[Atividade '[*']],TB_ATIVIDADES[[#This Row],[Atividade '[*']]])) -> - | O39: =IF(OR(TB_ATIVIDADES[[#This Row],[Atividade '[*']]]="",TB_ATIVIDADES[[#This Row],[Fase '[*']]]=""),"-",_xlfn.LET(_xlpm.tot,COUNTIFS(TB_TAREFAS[Atividade '[*']],TB_ATIVIDADES[[#This Row],[Atividade '[*']]],TB_TAREFAS[Situação da Execução '[*']],"<>" & "CONCLUÍDA",TB_TAREFAS[Situação da Execução '[*']],"<>"&"DESNECESSÁRIA"),_xlpm.tot & IF(TB_ATIVIDADES[[#This Row],[Total Tarefas '[=']]]=0,""," (" & TEXT(_xlpm.tot/TB_ATIVIDADES[[#This Row],[Total Tarefas '[=']]],"0,0%") & ")"))) -> - | P39: =IF(OR(TB_ATIVIDADES[[#This Row],[Atividade '[*']]]="",TB_ATIVIDADES[[#This Row],[Fase '[*']]]=""),"-",SUMIF(TB_TAREFAS[Atividade '[*']],TB_ATIVIDADES[[#This Row],[Atividade '[*']]],TB_TAREFAS[Previsão Esforço (min) '[*']])) -> - | Q39: =IF(OR(TB_ATIVIDADES[[#This Row],[Atividade '[*']]]="",TB_ATIVIDADES[[#This Row],[Fase '[*']]]=""),"-",_xlfn.LET(_xlpm.esforçoRealizado,SUMIFS(TB_TAREFAS[Previsão Esforço (min) '[*']],TB_TAREFAS[Atividade '[*']],TB_ATIVIDADES[[#This Row],[Atividade '[*']]],TB_TAREFAS[Situação da Execução '[*']],"CONCLUÍDA")+SUMIFS(TB_TAREFAS[Previsão Esforço (min) '[*']],TB_TAREFAS[Atividade '[*']],TB_ATIVIDADES[[#This Row],[Atividade '[*']]],TB_TAREFAS[Situação da Execução '[*']],"DESNECESSÁRIA"),TB_ATIVIDADES[[#This Row],[Esforço Total (min) '[=']]]-_xlpm.esforçoRealizado & IF(TB_ATIVIDADES[[#This Row],[Esforço Total (min) '[=']]]=0,""," (" & TEXT((TB_ATIVIDADES[[#This Row],[Esforço Total (min) '[=']]]-_xlpm.esforçoRealizado) / TB_ATIVIDADES[[#This Row],[Esforço Total (min) '[=']]],"0,0%") & ")"))) -> - | R39: =IF(OR(TB_ATIVIDADES[[#This Row],[Atividade '[*']]]="",TB_ATIVIDADES[[#This Row],[Fase '[*']]]=""),"-",_xlfn.LET(_xlpm.dataMin,_xlfn.MINIFS(TB_TAREFAS[Previsão Início '[*']],TB_TAREFAS[Atividade '[*']],TB_ATIVIDADES[[#This Row],[Atividade '[*']]]),IF(_xlpm.dataMin=0,"-",_xlpm.dataMin))) -> - | S39: =IF(OR(TB_ATIVIDADES[[#This Row],[Atividade '[*']]]="",TB_ATIVIDADES[[#This Row],[Fase '[*']]]=""),"-",_xlfn.LET(_xlpm.dataMax,_xlfn.MAXIFS(TB_TAREFAS[Previsão Conclusão '[*']],TB_TAREFAS[Atividade '[*']],TB_ATIVIDADES[[#This Row],[Atividade '[*']]]),IF(_xlpm.dataMax=0,"-",_xlpm.dataMax))) -> - | T39: =IF(OR(TB_ATIVIDADES[[#This Row],[Atividade '[*']]]="",TB_ATIVIDADES[[#This Row],[Fase '[*']]]=""),"-",IF(TB_ATIVIDADES[[#This Row],[Total Tarefas '[=']]]=0,"-",_xlfn.LET(_xlpm.totItensNaoConcluidos,COUNTIFS(TB_TAREFAS[Atividade '[*']],TB_ATIVIDADES[[#This Row],[Atividade '[*']]],TB_TAREFAS[Situação da Execução '[*']],"<>" & "CONCLUÍDA",TB_TAREFAS[Situação da Execução '[*']],"<>" & "DESNECESSÁRIA"),_xlpm.totItensConcluidos,TB_ATIVIDADES[[#This Row],[Total Tarefas '[=']]]-_xlpm.totItensNaoConcluidos,_xlpm.totItensNaoIniciados,COUNTIFS(TB_TAREFAS[Atividade '[*']],TB_ATIVIDADES[[#This Row],[Atividade '[*']]],TB_TAREFAS[Situação da Execução '[*']],"NÃO INICIADA"),IF(_xlpm.totItensConcluidos=TB_ATIVIDADES[[#This Row],[Total Tarefas '[=']]],"CONCLUÍDA",IF(_xlpm.totItensNaoIniciados=TB_ATIVIDADES[[#This Row],[Total Tarefas '[=']]],IF(AND(DATE(YEAR(NOW()),MONTH(NOW()),DAY(NOW())) > IFERROR(DATE(YEAR(TB_ATIVIDADES[[#This Row],[Previsão Início '[=']]]),MONTH(TB_ATIVIDADES[[#This Row],[Previsão Início '[=']]]),DAY(TB_ATIVIDADES[[#This Row],[Previsão Início '[=']]])),FALSE)),"INÍCIO COM ATRASO","NÃO INICIADA"),IF(AND(DATE(YEAR(NOW()),MONTH(NOW()),DAY(NOW())) > IFERROR(DATE(YEAR(TB_ATIVIDADES[[#This Row],[Previsão Conclusão '[=']]]),MONTH(TB_ATIVIDADES[[#This Row],[Previsão Conclusão '[=']]]),DAY(TB_ATIVIDADES[[#This Row],[Previsão Conclusão '[=']]])),FALSE)),"CONCLUSÃO COM ATRASO","EM ANDAMENTO")))))) -> -
